Species,Reference Genome,Challenge,Publication,BioProject,BioSample,Experiment,Run,SRA_Sample,Treatment,Time,Sex,Tissue,Var1,Var2,Var3
Taeniopygia guttata,Taeniopygia_guttata,West Nile Virus (WNV),http://rsos.royalsocietypublishing.org/content/4/6/170296,PRJNA352507,SAMN05981664,SRX2334141,SRR5001843,SRS1788153,WNV,2,female,spleen,,,
Taeniopygia guttata,Taeniopygia_guttata,West Nile Virus (WNV),http://rsos.royalsocietypublishing.org/content/4/6/170297,PRJNA352507,SAMN05981679,SRX2334142,SRR5001844,SRS1788152,WNV,4,female,spleen,,,
Taeniopygia guttata,Taeniopygia_guttata,West Nile Virus (WNV),http://rsos.royalsocietypublishing.org/content/4/6/170298,PRJNA352507,SAMN05981666,SRX2334143,SRR5001845,SRS1788151,WNV,2,female,spleen,,,
Taeniopygia guttata,Taeniopygia_guttata,West Nile Virus (WNV),http://rsos.royalsocietypublishing.org/content/4/6/170299,PRJNA352507,SAMN05981681,SRX2334144,SRR5001846,SRS1788154,WNV,4,female,spleen,,,
Taeniopygia guttata,Taeniopygia_guttata,West Nile Virus (WNV),http://rsos.royalsocietypublishing.org/content/4/6/170300,PRJNA352507,SAMN05981680,SRX2334145,SRR5001847,SRS1788155,WNV,4,female,spleen,,,
Taeniopygia guttata,Taeniopygia_guttata,West Nile Virus (WNV),http://rsos.royalsocietypublishing.org/content/4/6/170301,PRJNA352507,SAMN05981662,SRX2334146,SRR5001848,SRS1788156,control,0,female,spleen,,,
Taeniopygia guttata,Taeniopygia_guttata,West Nile Virus (WNV),http://rsos.royalsocietypublishing.org/content/4/6/170302,PRJNA352507,SAMN05981667,SRX2334147,SRR5001849,SRS1788157,WNV,2,female,spleen,,,
Taeniopygia guttata,Taeniopygia_guttata,West Nile Virus (WNV),http://rsos.royalsocietypublishing.org/content/4/6/170303,PRJNA352507,SAMN05981663,SRX2334148,SRR5001850,SRS1788158,control,0,female,spleen,,,
Taeniopygia guttata,Taeniopygia_guttata,West Nile Virus (WNV),http://rsos.royalsocietypublishing.org/content/4/6/170304,PRJNA352507,SAMN05981661,SRX2334149,SRR5001851,SRS1788159,control,0,female,spleen,,,
Gallus gallus,Gallus_gallus,Newcastle Disease Virus (NDV),https://www.ncbi.nlm.nih.gov/pmc/articles/PMC5424241/,PRJEB19318,SAMEA78822418,ERX1879733,ERR1817154,ERS1543211,control,2,male,trachea,Leghorn,susceptible,
Gallus gallus,Gallus_gallus,Newcastle Disease Virus (NDV),https://www.ncbi.nlm.nih.gov/pmc/articles/PMC5424241/,PRJEB19318,SAMEA78823168,ERX1879734,ERR1817155,ERS1543212,control,2,female,trachea,Leghorn,susceptible,
Gallus gallus,Gallus_gallus,Newcastle Disease Virus (NDV),https://www.ncbi.nlm.nih.gov/pmc/articles/PMC5424241/,PRJEB19318,SAMEA78823918,ERX1879735,ERR1817156,ERS1543213,control,2,male,trachea,Leghorn,susceptible,
Gallus gallus,Gallus_gallus,Newcastle Disease Virus (NDV),https://www.ncbi.nlm.nih.gov/pmc/articles/PMC5424241/,PRJEB19318,SAMEA78824668,ERX1879736,ERR1817157,ERS1543214,control,2,male,trachea,Fayoumi,resistant,
Gallus gallus,Gallus_gallus,Newcastle Disease Virus (NDV),https://www.ncbi.nlm.nih.gov/pmc/articles/PMC5424241/,PRJEB19318,SAMEA78825418,ERX1879737,ERR1817158,ERS1543215,control,2,female,trachea,Fayoumi,resistant,
Gallus gallus,Gallus_gallus,Newcastle Disease Virus (NDV),https://www.ncbi.nlm.nih.gov/pmc/articles/PMC5424241/,PRJEB19318,SAMEA78826168,ERX1879738,ERR1817159,ERS1543216,control,2,female,trachea,Fayoumi,resistant,
Gallus gallus,Gallus_gallus,Newcastle Disease Virus (NDV),https://www.ncbi.nlm.nih.gov/pmc/articles/PMC5424241/,PRJEB19318,SAMEA78826918,ERX1879739,ERR1817160,ERS1543217,control,2,male,trachea,Fayoumi,resistant,
Gallus gallus,Gallus_gallus,Newcastle Disease Virus (NDV),https://www.ncbi.nlm.nih.gov/pmc/articles/PMC5424241/,PRJEB19318,SAMEA78827668,ERX1879740,ERR1817161,ERS1543218,Newcastle Disease Virus,2,female,trachea,Leghorn,susceptible,
Gallus gallus,Gallus_gallus,Newcastle Disease Virus (NDV),https://www.ncbi.nlm.nih.gov/pmc/articles/PMC5424241/,PRJEB19318,SAMEA78828418,ERX1879741,ERR1817162,ERS1543219,Newcastle Disease Virus,2,female,trachea,Leghorn,susceptible,
Gallus gallus,Gallus_gallus,Newcastle Disease Virus (NDV),https://www.ncbi.nlm.nih.gov/pmc/articles/PMC5424241/,PRJEB19318,SAMEA78829168,ERX1879742,ERR1817163,ERS1543220,Newcastle Disease Virus,2,female,trachea,Leghorn,susceptible,
Gallus gallus,Gallus_gallus,Newcastle Disease Virus (NDV),https://www.ncbi.nlm.nih.gov/pmc/articles/PMC5424241/,PRJEB19318,SAMEA78829918,ERX1879743,ERR1817164,ERS1543221,Newcastle Disease Virus,2,male,trachea,Leghorn,susceptible,
Gallus gallus,Gallus_gallus,Newcastle Disease Virus (NDV),https://www.ncbi.nlm.nih.gov/pmc/articles/PMC5424241/,PRJEB19318,SAMEA78830668,ERX1879744,ERR1817165,ERS1543222,Newcastle Disease Virus,2,male,trachea,Leghorn,susceptible,
Gallus gallus,Gallus_gallus,Newcastle Disease Virus (NDV),https://www.ncbi.nlm.nih.gov/pmc/articles/PMC5424241/,PRJEB19318,SAMEA78831418,ERX1879745,ERR1817166,ERS1543223,Newcastle Disease Virus,2,female,trachea,Fayoumi,resistant,
Gallus gallus,Gallus_gallus,Newcastle Disease Virus (NDV),https://www.ncbi.nlm.nih.gov/pmc/articles/PMC5424241/,PRJEB19318,SAMEA78832168,ERX1879746,ERR1817167,ERS1543224,Newcastle Disease Virus,2,female,trachea,Fayoumi,resistant,
Gallus gallus,Gallus_gallus,Newcastle Disease Virus (NDV),https://www.ncbi.nlm.nih.gov/pmc/articles/PMC5424241/,PRJEB19318,SAMEA78832918,ERX1879747,ERR1817168,ERS1543225,Newcastle Disease Virus,2,male,trachea,Fayoumi,resistant,
Gallus gallus,Gallus_gallus,Newcastle Disease Virus (NDV),https://www.ncbi.nlm.nih.gov/pmc/articles/PMC5424241/,PRJEB19318,SAMEA78833668,ERX1879748,ERR1817169,ERS1543226,Newcastle Disease Virus,2,male,trachea,Fayoumi,resistant,
Gallus gallus,Gallus_gallus,Newcastle Disease Virus (NDV),https://www.ncbi.nlm.nih.gov/pmc/articles/PMC5424241/,PRJEB19318,SAMEA78834418,ERX1879749,ERR1817170,ERS1543227,control,6,male,trachea,Leghorn,susceptible,
Gallus gallus,Gallus_gallus,Newcastle Disease Virus (NDV),https://www.ncbi.nlm.nih.gov/pmc/articles/PMC5424241/,PRJEB19318,SAMEA78835168,ERX1879750,ERR1817171,ERS1543228,control,6,female,trachea,Leghorn,susceptible,
Gallus gallus,Gallus_gallus,Newcastle Disease Virus (NDV),https://www.ncbi.nlm.nih.gov/pmc/articles/PMC5424241/,PRJEB19318,SAMEA78835918,ERX1879751,ERR1817172,ERS1543229,control,6,male,trachea,Leghorn,susceptible,
Gallus gallus,Gallus_gallus,Newcastle Disease Virus (NDV),https://www.ncbi.nlm.nih.gov/pmc/articles/PMC5424241/,PRJEB19318,SAMEA78836668,ERX1879752,ERR1817173,ERS1543230,control,6,female,trachea,Leghorn,susceptible,
Gallus gallus,Gallus_gallus,Newcastle Disease Virus (NDV),https://www.ncbi.nlm.nih.gov/pmc/articles/PMC5424241/,PRJEB19318,SAMEA78837418,ERX1879753,ERR1817174,ERS1543231,control,6,female,trachea,Fayoumi,resistant,
Gallus gallus,Gallus_gallus,Newcastle Disease Virus (NDV),https://www.ncbi.nlm.nih.gov/pmc/articles/PMC5424241/,PRJEB19318,SAMEA78838168,ERX1879754,ERR1817175,ERS1543232,control,6,male,trachea,Fayoumi,resistant,
Gallus gallus,Gallus_gallus,Newcastle Disease Virus (NDV),https://www.ncbi.nlm.nih.gov/pmc/articles/PMC5424241/,PRJEB19318,SAMEA78838918,ERX1879755,ERR1817176,ERS1543233,control,6,male,trachea,Fayoumi,resistant,
Gallus gallus,Gallus_gallus,Newcastle Disease Virus (NDV),https://www.ncbi.nlm.nih.gov/pmc/articles/PMC5424241/,PRJEB19318,SAMEA78839668,ERX1879756,ERR1817177,ERS1543234,control,6,male,trachea,Fayoumi,resistant,
Gallus gallus,Gallus_gallus,Newcastle Disease Virus (NDV),https://www.ncbi.nlm.nih.gov/pmc/articles/PMC5424241/,PRJEB19318,SAMEA78840418,ERX1879757,ERR1817178,ERS1543235,Newcastle Disease Virus,6,female,trachea,Leghorn,susceptible,
Gallus gallus,Gallus_gallus,Newcastle Disease Virus (NDV),https://www.ncbi.nlm.nih.gov/pmc/articles/PMC5424241/,PRJEB19318,SAMEA78841168,ERX1879758,ERR1817179,ERS1543236,Newcastle Disease Virus,6,male,trachea,Leghorn,susceptible,
Gallus gallus,Gallus_gallus,Newcastle Disease Virus (NDV),https://www.ncbi.nlm.nih.gov/pmc/articles/PMC5424241/,PRJEB19318,SAMEA78841918,ERX1879759,ERR1817180,ERS1543237,Newcastle Disease Virus,6,female,trachea,Leghorn,susceptible,
Gallus gallus,Gallus_gallus,Newcastle Disease Virus (NDV),https://www.ncbi.nlm.nih.gov/pmc/articles/PMC5424241/,PRJEB19318,SAMEA78842668,ERX1879760,ERR1817181,ERS1543238,Newcastle Disease Virus,6,male,trachea,Leghorn,susceptible,
Gallus gallus,Gallus_gallus,Newcastle Disease Virus (NDV),https://www.ncbi.nlm.nih.gov/pmc/articles/PMC5424241/,PRJEB19318,SAMEA78843418,ERX1879761,ERR1817182,ERS1543239,Newcastle Disease Virus,6,male,trachea,Fayoumi,resistant,
Gallus gallus,Gallus_gallus,Newcastle Disease Virus (NDV),https://www.ncbi.nlm.nih.gov/pmc/articles/PMC5424241/,PRJEB19318,SAMEA78844168,ERX1879762,ERR1817183,ERS1543240,Newcastle Disease Virus,6,female,trachea,Fayoumi,resistant,
Gallus gallus,Gallus_gallus,Newcastle Disease Virus (NDV),https://www.ncbi.nlm.nih.gov/pmc/articles/PMC5424241/,PRJEB19318,SAMEA78844918,ERX1879763,ERR1817184,ERS1543241,Newcastle Disease Virus,6,male,trachea,Fayoumi,resistant,
Gallus gallus,Gallus_gallus,Newcastle Disease Virus (NDV),https://www.ncbi.nlm.nih.gov/pmc/articles/PMC5424241/,PRJEB19318,SAMEA78845668,ERX1879764,ERR1817185,ERS1543242,Newcastle Disease Virus,6,female,trachea,Fayoumi,resistant,
Gallus gallus,Gallus_gallus,Newcastle Disease Virus (NDV),https://www.ncbi.nlm.nih.gov/pmc/articles/PMC5424241/,PRJEB19318,SAMEA78846418,ERX1879765,ERR1817186,ERS1543243,control,10,male,trachea,Leghorn,susceptible,
Gallus gallus,Gallus_gallus,Newcastle Disease Virus (NDV),https://www.ncbi.nlm.nih.gov/pmc/articles/PMC5424241/,PRJEB19318,SAMEA78847168,ERX1879766,ERR1817187,ERS1543244,control,10,male,trachea,Leghorn,susceptible,
Gallus gallus,Gallus_gallus,Newcastle Disease Virus (NDV),https://www.ncbi.nlm.nih.gov/pmc/articles/PMC5424241/,PRJEB19318,SAMEA78847918,ERX1879767,ERR1817188,ERS1543245,control,10,female,trachea,Leghorn,susceptible,
Gallus gallus,Gallus_gallus,Newcastle Disease Virus (NDV),https://www.ncbi.nlm.nih.gov/pmc/articles/PMC5424241/,PRJEB19318,SAMEA78848668,ERX1879768,ERR1817189,ERS1543246,control,10,female,trachea,Leghorn,susceptible,
Gallus gallus,Gallus_gallus,Newcastle Disease Virus (NDV),https://www.ncbi.nlm.nih.gov/pmc/articles/PMC5424241/,PRJEB19318,SAMEA78849418,ERX1879769,ERR1817190,ERS1543247,control,10,female,trachea,Fayoumi,resistant,
Gallus gallus,Gallus_gallus,Newcastle Disease Virus (NDV),https://www.ncbi.nlm.nih.gov/pmc/articles/PMC5424241/,PRJEB19318,SAMEA78850168,ERX1879770,ERR1817191,ERS1543248,control,10,male,trachea,Fayoumi,resistant,
Gallus gallus,Gallus_gallus,Newcastle Disease Virus (NDV),https://www.ncbi.nlm.nih.gov/pmc/articles/PMC5424241/,PRJEB19318,SAMEA78850918,ERX1879771,ERR1817192,ERS1543249,control,10,female,trachea,Fayoumi,resistant,
Gallus gallus,Gallus_gallus,Newcastle Disease Virus (NDV),https://www.ncbi.nlm.nih.gov/pmc/articles/PMC5424241/,PRJEB19318,SAMEA78851668,ERX1879772,ERR1817193,ERS1543250,control,10,male,trachea,Fayoumi,resistant,
Gallus gallus,Gallus_gallus,Newcastle Disease Virus (NDV),https://www.ncbi.nlm.nih.gov/pmc/articles/PMC5424241/,PRJEB19318,SAMEA78852418,ERX1879773,ERR1817194,ERS1543251,Newcastle Disease Virus,10,female,trachea,Leghorn,susceptible,
Gallus gallus,Gallus_gallus,Newcastle Disease Virus (NDV),https://www.ncbi.nlm.nih.gov/pmc/articles/PMC5424241/,PRJEB19318,SAMEA78853168,ERX1879774,ERR1817195,ERS1543252,Newcastle Disease Virus,10,male,trachea,Leghorn,susceptible,
Gallus gallus,Gallus_gallus,Newcastle Disease Virus (NDV),https://www.ncbi.nlm.nih.gov/pmc/articles/PMC5424241/,PRJEB19318,SAMEA78853918,ERX1879775,ERR1817196,ERS1543253,Newcastle Disease Virus,10,male,trachea,Leghorn,susceptible,
Gallus gallus,Gallus_gallus,Newcastle Disease Virus (NDV),https://www.ncbi.nlm.nih.gov/pmc/articles/PMC5424241/,PRJEB19318,SAMEA78854668,ERX1879776,ERR1817197,ERS1543254,Newcastle Disease Virus,10,female,trachea,Leghorn,susceptible,
Gallus gallus,Gallus_gallus,Newcastle Disease Virus (NDV),https://www.ncbi.nlm.nih.gov/pmc/articles/PMC5424241/,PRJEB19318,SAMEA78855418,ERX1879777,ERR1817198,ERS1543255,Newcastle Disease Virus,10,male,trachea,Fayoumi,resistant,
Gallus gallus,Gallus_gallus,Newcastle Disease Virus (NDV),https://www.ncbi.nlm.nih.gov/pmc/articles/PMC5424241/,PRJEB19318,SAMEA78856168,ERX1879778,ERR1817199,ERS1543256,Newcastle Disease Virus,10,male,trachea,Fayoumi,resistant,
Gallus gallus,Gallus_gallus,Newcastle Disease Virus (NDV),https://www.ncbi.nlm.nih.gov/pmc/articles/PMC5424241/,PRJEB19318,SAMEA78856918,ERX1879779,ERR1817200,ERS1543257,Newcastle Disease Virus,10,female,trachea,Fayoumi,resistant,
Gallus gallus,Gallus_gallus,Newcastle Disease Virus (NDV),https://www.ncbi.nlm.nih.gov/pmc/articles/PMC5424241/,PRJEB19318,SAMEA78857668,ERX1879780,ERR1817201,ERS1543258,Newcastle Disease Virus,10,female,trachea,Fayoumi,resistant,
Gallus gallus,Gallus_gallus,Newcastle Disease Virus (NDV),https://www.nature.com/articles/s41598-018-19754-8,PRJEB21688,SAMEA104153844,ERX2086814,ERR2027668,ERS1812862,Newcastle Disease Virus,6,female,spleen,Leghorn,susceptible to Newcastle disease virus infection,
Gallus gallus,Gallus_gallus,Newcastle Disease Virus (NDV),https://www.nature.com/articles/s41598-018-19754-9,PRJEB21688,SAMEA104153845,ERX2086815,ERR2027669,ERS1812863,Newcastle Disease Virus,2,male,spleen,Leghorn,susceptible to Newcastle disease virus infection,
Gallus gallus,Gallus_gallus,Newcastle Disease Virus (NDV),https://www.nature.com/articles/s41598-018-19754-10,PRJEB21688,SAMEA104153846,ERX2086816,ERR2027670,ERS1812864,Newcastle Disease Virus,2,female,spleen,Leghorn,susceptible to Newcastle disease virus infection,
Gallus gallus,Gallus_gallus,Newcastle Disease Virus (NDV),https://www.nature.com/articles/s41598-018-19754-11,PRJEB21688,SAMEA104153847,ERX2086817,ERR2027671,ERS1812865,Newcastle Disease Virus,6,female,spleen,Leghorn,susceptible to Newcastle disease virus infection,
Gallus gallus,Gallus_gallus,Newcastle Disease Virus (NDV),https://www.nature.com/articles/s41598-018-19754-12,PRJEB21688,SAMEA104153848,ERX2086818,ERR2027672,ERS1812866,Newcastle Disease Virus,2,female,spleen,Leghorn,susceptible to Newcastle disease virus infection,
Gallus gallus,Gallus_gallus,Newcastle Disease Virus (NDV),https://www.nature.com/articles/s41598-018-19754-13,PRJEB21688,SAMEA104153849,ERX2086819,ERR2027673,ERS1812867,Newcastle Disease Virus,2,male,spleen,Leghorn,susceptible to Newcastle disease virus infection,
Gallus gallus,Gallus_gallus,Newcastle Disease Virus (NDV),https://www.nature.com/articles/s41598-018-19754-14,PRJEB21688,SAMEA104153850,ERX2086820,ERR2027674,ERS1812868,Newcastle Disease Virus,6,female,spleen,Leghorn,susceptible to Newcastle disease virus infection,
Gallus gallus,Gallus_gallus,Newcastle Disease Virus (NDV),https://www.nature.com/articles/s41598-018-19754-15,PRJEB21688,SAMEA104153851,ERX2086821,ERR2027675,ERS1812869,Newcastle Disease Virus,6,male,spleen,Leghorn,susceptible to Newcastle disease virus infection,
Gallus gallus,Gallus_gallus,Newcastle Disease Virus (NDV),https://www.nature.com/articles/s41598-018-19754-16,PRJEB21688,SAMEA104153852,ERX2086822,ERR2027676,ERS1812870,Newcastle Disease Virus,6,male,spleen,Fayoumi,resistant to Newcastle disease virus infection,
Gallus gallus,Gallus_gallus,Newcastle Disease Virus (NDV),https://www.nature.com/articles/s41598-018-19754-17,PRJEB21688,SAMEA104153853,ERX2086823,ERR2027677,ERS1812871,Newcastle Disease Virus,6,male,spleen,Fayoumi,resistant to Newcastle disease virus infection,
Gallus gallus,Gallus_gallus,Newcastle Disease Virus (NDV),https://www.nature.com/articles/s41598-018-19754-18,PRJEB21688,SAMEA104153854,ERX2086824,ERR2027678,ERS1812872,Newcastle Disease Virus,2,female,spleen,Fayoumi,resistant to Newcastle disease virus infection,
Gallus gallus,Gallus_gallus,Newcastle Disease Virus (NDV),https://www.nature.com/articles/s41598-018-19754-19,PRJEB21688,SAMEA104153855,ERX2086825,ERR2027679,ERS1812873,Newcastle Disease Virus,6,female,spleen,Fayoumi,resistant to Newcastle disease virus infection,
Gallus gallus,Gallus_gallus,Newcastle Disease Virus (NDV),https://www.nature.com/articles/s41598-018-19754-20,PRJEB21688,SAMEA104153856,ERX2086826,ERR2027680,ERS1812874,Newcastle Disease Virus,2,male,spleen,Fayoumi,resistant to Newcastle disease virus infection,
Gallus gallus,Gallus_gallus,Newcastle Disease Virus (NDV),https://www.nature.com/articles/s41598-018-19754-21,PRJEB21688,SAMEA104153857,ERX2086827,ERR2027681,ERS1812875,Newcastle Disease Virus,2,male,spleen,Fayoumi,resistant to Newcastle disease virus infection,
Gallus gallus,Gallus_gallus,Newcastle Disease Virus (NDV),https://www.nature.com/articles/s41598-018-19754-22,PRJEB21688,SAMEA104153858,ERX2086828,ERR2027682,ERS1812876,Newcastle Disease Virus,6,female,spleen,Fayoumi,resistant to Newcastle disease virus infection,
Gallus gallus,Gallus_gallus,Newcastle Disease Virus (NDV),https://www.nature.com/articles/s41598-018-19754-23,PRJEB21688,SAMEA104153859,ERX2086829,ERR2027683,ERS1812877,Newcastle Disease Virus,2,male,spleen,Fayoumi,resistant to Newcastle disease virus infection,
Gallus gallus,Gallus_gallus,Newcastle Disease Virus (NDV),https://www.nature.com/articles/s41598-018-19754-24,PRJEB21688,SAMEA104153860,ERX2086830,ERR2027684,ERS1812878,control,6,male,spleen,Leghorn,susceptible to Newcastle disease virus infection,
Gallus gallus,Gallus_gallus,Newcastle Disease Virus (NDV),https://www.nature.com/articles/s41598-018-19754-25,PRJEB21688,SAMEA104153861,ERX2086831,ERR2027685,ERS1812879,control,6,male,spleen,Leghorn,susceptible to Newcastle disease virus infection,
Gallus gallus,Gallus_gallus,Newcastle Disease Virus (NDV),https://www.nature.com/articles/s41598-018-19754-26,PRJEB21688,SAMEA104153862,ERX2086832,ERR2027686,ERS1812880,control,2,female,spleen,Leghorn,susceptible to Newcastle disease virus infection,
Gallus gallus,Gallus_gallus,Newcastle Disease Virus (NDV),https://www.nature.com/articles/s41598-018-19754-27,PRJEB21688,SAMEA104153863,ERX2086833,ERR2027687,ERS1812881,control,2,female,spleen,Leghorn,susceptible to Newcastle disease virus infection,
Gallus gallus,Gallus_gallus,Newcastle Disease Virus (NDV),https://www.nature.com/articles/s41598-018-19754-28,PRJEB21688,SAMEA104153864,ERX2086834,ERR2027688,ERS1812882,control,6,male,spleen,Leghorn,susceptible to Newcastle disease virus infection,
Gallus gallus,Gallus_gallus,Newcastle Disease Virus (NDV),https://www.nature.com/articles/s41598-018-19754-29,PRJEB21688,SAMEA104153865,ERX2086835,ERR2027689,ERS1812883,control,6,female,spleen,Leghorn,susceptible to Newcastle disease virus infection,
Gallus gallus,Gallus_gallus,Newcastle Disease Virus (NDV),https://www.nature.com/articles/s41598-018-19754-30,PRJEB21688,SAMEA104153866,ERX2086836,ERR2027690,ERS1812884,control,2,male,spleen,Leghorn,susceptible to Newcastle disease virus infection,
Gallus gallus,Gallus_gallus,Newcastle Disease Virus (NDV),https://www.nature.com/articles/s41598-018-19754-31,PRJEB21688,SAMEA104153867,ERX2086837,ERR2027691,ERS1812885,control,2,male,spleen,Fayoumi,resistant to Newcastle disease virus infection,
Gallus gallus,Gallus_gallus,Newcastle Disease Virus (NDV),https://www.nature.com/articles/s41598-018-19754-32,PRJEB21688,SAMEA104153868,ERX2086838,ERR2027692,ERS1812886,control,2,female,spleen,Fayoumi,resistant to Newcastle disease virus infection,
Gallus gallus,Gallus_gallus,Newcastle Disease Virus (NDV),https://www.nature.com/articles/s41598-018-19754-33,PRJEB21688,SAMEA104153869,ERX2086839,ERR2027693,ERS1812887,control,6,female,spleen,Fayoumi,resistant to Newcastle disease virus infection,
Gallus gallus,Gallus_gallus,Newcastle Disease Virus (NDV),https://www.nature.com/articles/s41598-018-19754-34,PRJEB21688,SAMEA104153870,ERX2086840,ERR2027694,ERS1812888,control,6,male,spleen,Fayoumi,resistant to Newcastle disease virus infection,
Gallus gallus,Gallus_gallus,Newcastle Disease Virus (NDV),https://www.nature.com/articles/s41598-018-19754-35,PRJEB21688,SAMEA104153871,ERX2086841,ERR2027695,ERS1812889,control,2,female,spleen,Fayoumi,resistant to Newcastle disease virus infection,
Gallus gallus,Gallus_gallus,Newcastle Disease Virus (NDV),https://www.nature.com/articles/s41598-018-19754-36,PRJEB21688,SAMEA104153872,ERX2086842,ERR2027696,ERS1812890,control,6,male,spleen,Fayoumi,resistant to Newcastle disease virus infection,
Gallus gallus,Gallus_gallus,Newcastle Disease Virus (NDV),https://www.nature.com/articles/s41598-018-19754-37,PRJEB21688,SAMEA104153873,ERX2086843,ERR2027697,ERS1812891,control,6,male,spleen,Fayoumi,resistant to Newcastle disease virus infection,
Gallus gallus,Gallus_gallus,Newcastle Disease Virus (NDV),https://www.nature.com/articles/s41598-018-19754-38,PRJEB21688,SAMEA104153874,ERX2086844,ERR2027698,ERS1812892,control,2,male,spleen,Fayoumi,resistant to Newcastle disease virus infection,
Gallus gallus,Gallus gallus,Newcastle Disease Virus (NDV),https://www.ncbi.nlm.nih.gov/pubmed/29281979,PRJEB21760,SAMEA104161524,ERX2090680,ERR2031623,ERS1820542,control,2,female,lung,Fayoumi,resistant,
Gallus gallus,Gallus gallus,Newcastle Disease Virus (NDV),https://www.ncbi.nlm.nih.gov/pubmed/29281979,PRJEB21760,SAMEA104161525,ERX2090681,ERR2031624,ERS1820543,control,6,female,lung,Fayoumi,resistant,
Gallus gallus,Gallus gallus,Newcastle Disease Virus (NDV),https://www.ncbi.nlm.nih.gov/pubmed/29281979,PRJEB21760,SAMEA104161526,ERX2090682,ERR2031625,ERS1820544,control,10,female,lung,Fayoumi,resistant,
Gallus gallus,Gallus gallus,Newcastle Disease Virus (NDV),https://www.ncbi.nlm.nih.gov/pubmed/29281979,PRJEB21760,SAMEA104161527,ERX2090683,ERR2031626,ERS1820545,control,10,female,lung,Fayoumi,resistant,
Gallus gallus,Gallus gallus,Newcastle Disease Virus (NDV),https://www.ncbi.nlm.nih.gov/pubmed/29281979,PRJEB21760,SAMEA104161528,ERX2090684,ERR2031627,ERS1820546,control,2,female,lung,Fayoumi,resistant,
Gallus gallus,Gallus gallus,Newcastle Disease Virus (NDV),https://www.ncbi.nlm.nih.gov/pubmed/29281979,PRJEB21760,SAMEA104161529,ERX2090685,ERR2031628,ERS1820547,control,2,male,lung,Fayoumi,resistant,
Gallus gallus,Gallus gallus,Newcastle Disease Virus (NDV),https://www.ncbi.nlm.nih.gov/pubmed/29281979,PRJEB21760,SAMEA104161530,ERX2090686,ERR2031629,ERS1820548,control,6,male,lung,Fayoumi,resistant,
Gallus gallus,Gallus gallus,Newcastle Disease Virus (NDV),https://www.ncbi.nlm.nih.gov/pubmed/29281979,PRJEB21760,SAMEA104161531,ERX2090687,ERR2031630,ERS1820549,control,6,male,lung,Fayoumi,resistant,
Gallus gallus,Gallus gallus,Newcastle Disease Virus (NDV),https://www.ncbi.nlm.nih.gov/pubmed/29281979,PRJEB21760,SAMEA104161532,ERX2090688,ERR2031631,ERS1820550,control,6,male,lung,Fayoumi,resistant,
Gallus gallus,Gallus gallus,Newcastle Disease Virus (NDV),https://www.ncbi.nlm.nih.gov/pubmed/29281979,PRJEB21760,SAMEA104161533,ERX2090689,ERR2031632,ERS1820551,control,10,male,lung,Fayoumi,resistant,
Gallus gallus,Gallus gallus,Newcastle Disease Virus (NDV),https://www.ncbi.nlm.nih.gov/pubmed/29281979,PRJEB21760,SAMEA104161534,ERX2090690,ERR2031633,ERS1820552,control,10,male,lung,Fayoumi,resistant,
Gallus gallus,Gallus gallus,Newcastle Disease Virus (NDV),https://www.ncbi.nlm.nih.gov/pubmed/29281979,PRJEB21760,SAMEA104161535,ERX2090691,ERR2031634,ERS1820553,control,2,male,lung,Fayoumi,resistant,
Gallus gallus,Gallus gallus,Newcastle Disease Virus (NDV),https://www.ncbi.nlm.nih.gov/pubmed/29281979,PRJEB21760,SAMEA104161536,ERX2090692,ERR2031635,ERS1820554,control,10,female,lung,Leghorn,susceptible,
Gallus gallus,Gallus gallus,Newcastle Disease Virus (NDV),https://www.ncbi.nlm.nih.gov/pubmed/29281979,PRJEB21760,SAMEA104161537,ERX2090693,ERR2031636,ERS1820555,control,10,female,lung,Leghorn,susceptible,
Gallus gallus,Gallus gallus,Newcastle Disease Virus (NDV),https://www.ncbi.nlm.nih.gov/pubmed/29281979,PRJEB21760,SAMEA104161538,ERX2090694,ERR2031637,ERS1820556,control,6,female,lung,Leghorn,susceptible,
Gallus gallus,Gallus gallus,Newcastle Disease Virus (NDV),https://www.ncbi.nlm.nih.gov/pubmed/29281979,PRJEB21760,SAMEA104161539,ERX2090695,ERR2031638,ERS1820557,control,2,female,lung,Leghorn,susceptible,
Gallus gallus,Gallus gallus,Newcastle Disease Virus (NDV),https://www.ncbi.nlm.nih.gov/pubmed/29281979,PRJEB21760,SAMEA104161540,ERX2090696,ERR2031639,ERS1820558,control,6,female,lung,Leghorn,susceptible,
Gallus gallus,Gallus gallus,Newcastle Disease Virus (NDV),https://www.ncbi.nlm.nih.gov/pubmed/29281979,PRJEB21760,SAMEA104161541,ERX2090697,ERR2031640,ERS1820559,control,6,male,lung,Leghorn,susceptible,
Gallus gallus,Gallus gallus,Newcastle Disease Virus (NDV),https://www.ncbi.nlm.nih.gov/pubmed/29281979,PRJEB21760,SAMEA104161542,ERX2090698,ERR2031641,ERS1820560,control,10,male,lung,Leghorn,susceptible,
Gallus gallus,Gallus gallus,Newcastle Disease Virus (NDV),https://www.ncbi.nlm.nih.gov/pubmed/29281979,PRJEB21760,SAMEA104161543,ERX2090699,ERR2031642,ERS1820561,control,10,male,lung,Leghorn,susceptible,
Gallus gallus,Gallus gallus,Newcastle Disease Virus (NDV),https://www.ncbi.nlm.nih.gov/pubmed/29281979,PRJEB21760,SAMEA104161544,ERX2090700,ERR2031643,ERS1820562,control,2,male,lung,Leghorn,susceptible,
Gallus gallus,Gallus gallus,Newcastle Disease Virus (NDV),https://www.ncbi.nlm.nih.gov/pubmed/29281979,PRJEB21760,SAMEA104161545,ERX2090701,ERR2031644,ERS1820563,control,2,male,lung,Leghorn,susceptible,
Gallus gallus,Gallus gallus,Newcastle Disease Virus (NDV),https://www.ncbi.nlm.nih.gov/pubmed/29281979,PRJEB21760,SAMEA104161546,ERX2090702,ERR2031645,ERS1820564,control,6,male,lung,Leghorn,susceptible,
Gallus gallus,Gallus gallus,Newcastle Disease Virus (NDV),https://www.ncbi.nlm.nih.gov/pubmed/29281979,PRJEB21760,SAMEA104161547,ERX2090703,ERR2031646,ERS1820565,Newcastle Disease Virus,10,female,lung,Fayoumi,resistant,
Gallus gallus,Gallus gallus,Newcastle Disease Virus (NDV),https://www.ncbi.nlm.nih.gov/pubmed/29281979,PRJEB21760,SAMEA104161548,ERX2090704,ERR2031647,ERS1820566,Newcastle Disease Virus,10,female,lung,Fayoumi,resistant,
Gallus gallus,Gallus gallus,Newcastle Disease Virus (NDV),https://www.ncbi.nlm.nih.gov/pubmed/29281979,PRJEB21760,SAMEA104161549,ERX2090705,ERR2031648,ERS1820567,Newcastle Disease Virus,2,female,lung,Fayoumi,resistant,
Gallus gallus,Gallus gallus,Newcastle Disease Virus (NDV),https://www.ncbi.nlm.nih.gov/pubmed/29281979,PRJEB21760,SAMEA104161550,ERX2090706,ERR2031649,ERS1820568,Newcastle Disease Virus,2,female,lung,Fayoumi,resistant,
Gallus gallus,Gallus gallus,Newcastle Disease Virus (NDV),https://www.ncbi.nlm.nih.gov/pubmed/29281979,PRJEB21760,SAMEA104161551,ERX2090707,ERR2031650,ERS1820569,Newcastle Disease Virus,6,female,lung,Fayoumi,resistant,
Gallus gallus,Gallus gallus,Newcastle Disease Virus (NDV),https://www.ncbi.nlm.nih.gov/pubmed/29281979,PRJEB21760,SAMEA104161552,ERX2090708,ERR2031651,ERS1820570,Newcastle Disease Virus,6,female,lung,Fayoumi,resistant,
Gallus gallus,Gallus gallus,Newcastle Disease Virus (NDV),https://www.ncbi.nlm.nih.gov/pubmed/29281979,PRJEB21760,SAMEA104161553,ERX2090709,ERR2031652,ERS1820571,Newcastle Disease Virus,10,male,lung,Fayoumi,resistant,
Gallus gallus,Gallus gallus,Newcastle Disease Virus (NDV),https://www.ncbi.nlm.nih.gov/pubmed/29281979,PRJEB21760,SAMEA104161554,ERX2090710,ERR2031653,ERS1820572,Newcastle Disease Virus,10,male,lung,Fayoumi,resistant,
Gallus gallus,Gallus gallus,Newcastle Disease Virus (NDV),https://www.ncbi.nlm.nih.gov/pubmed/29281979,PRJEB21760,SAMEA104161555,ERX2090711,ERR2031654,ERS1820573,Newcastle Disease Virus,2,male,lung,Fayoumi,resistant,
Gallus gallus,Gallus gallus,Newcastle Disease Virus (NDV),https://www.ncbi.nlm.nih.gov/pubmed/29281979,PRJEB21760,SAMEA104161556,ERX2090712,ERR2031655,ERS1820574,Newcastle Disease Virus,2,male,lung,Fayoumi,resistant,
Gallus gallus,Gallus gallus,Newcastle Disease Virus (NDV),https://www.ncbi.nlm.nih.gov/pubmed/29281979,PRJEB21760,SAMEA104161557,ERX2090713,ERR2031656,ERS1820575,Newcastle Disease Virus,6,male,lung,Fayoumi,resistant,
Gallus gallus,Gallus gallus,Newcastle Disease Virus (NDV),https://www.ncbi.nlm.nih.gov/pubmed/29281979,PRJEB21760,SAMEA104161558,ERX2090714,ERR2031657,ERS1820576,Newcastle Disease Virus,6,male,lung,Fayoumi,resistant,
Gallus gallus,Gallus gallus,Newcastle Disease Virus (NDV),https://www.ncbi.nlm.nih.gov/pubmed/29281979,PRJEB21760,SAMEA104161559,ERX2090715,ERR2031658,ERS1820577,Newcastle Disease Virus,10,female,lung,Leghorn,susceptible,
Gallus gallus,Gallus gallus,Newcastle Disease Virus (NDV),https://www.ncbi.nlm.nih.gov/pubmed/29281979,PRJEB21760,SAMEA104161560,ERX2090716,ERR2031659,ERS1820578,Newcastle Disease Virus,10,female,lung,Leghorn,susceptible,
Gallus gallus,Gallus gallus,Newcastle Disease Virus (NDV),https://www.ncbi.nlm.nih.gov/pubmed/29281979,PRJEB21760,SAMEA104161561,ERX2090717,ERR2031660,ERS1820579,Newcastle Disease Virus,2,female,lung,Leghorn,susceptible,
Gallus gallus,Gallus gallus,Newcastle Disease Virus (NDV),https://www.ncbi.nlm.nih.gov/pubmed/29281979,PRJEB21760,SAMEA104161562,ERX2090718,ERR2031661,ERS1820580,Newcastle Disease Virus,2,female,lung,Leghorn,susceptible,
Gallus gallus,Gallus gallus,Newcastle Disease Virus (NDV),https://www.ncbi.nlm.nih.gov/pubmed/29281979,PRJEB21760,SAMEA104161563,ERX2090719,ERR2031662,ERS1820581,Newcastle Disease Virus,2,female,lung,Leghorn,susceptible,
Gallus gallus,Gallus gallus,Newcastle Disease Virus (NDV),https://www.ncbi.nlm.nih.gov/pubmed/29281979,PRJEB21760,SAMEA104161564,ERX2090720,ERR2031663,ERS1820582,Newcastle Disease Virus,6,female,lung,Leghorn,susceptible,
Gallus gallus,Gallus gallus,Newcastle Disease Virus (NDV),https://www.ncbi.nlm.nih.gov/pubmed/29281979,PRJEB21760,SAMEA104161565,ERX2090721,ERR2031664,ERS1820583,Newcastle Disease Virus,6,female,lung,Leghorn,susceptible,
Gallus gallus,Gallus gallus,Newcastle Disease Virus (NDV),https://www.ncbi.nlm.nih.gov/pubmed/29281979,PRJEB21760,SAMEA104161566,ERX2090722,ERR2031665,ERS1820584,Newcastle Disease Virus,10,male,lung,Leghorn,susceptible,
Gallus gallus,Gallus gallus,Newcastle Disease Virus (NDV),https://www.ncbi.nlm.nih.gov/pubmed/29281979,PRJEB21760,SAMEA104161567,ERX2090723,ERR2031666,ERS1820585,Newcastle Disease Virus,10,male,lung,Leghorn,susceptible,
Gallus gallus,Gallus gallus,Newcastle Disease Virus (NDV),https://www.ncbi.nlm.nih.gov/pubmed/29281979,PRJEB21760,SAMEA104161568,ERX2090724,ERR2031667,ERS1820586,Newcastle Disease Virus,2,male,lung,Leghorn,susceptible,
Gallus gallus,Gallus gallus,Newcastle Disease Virus (NDV),https://www.ncbi.nlm.nih.gov/pubmed/29281979,PRJEB21760,SAMEA104161569,ERX2090725,ERR2031668,ERS1820587,Newcastle Disease Virus,2,male,lung,Leghorn,susceptible,
Gallus gallus,Gallus gallus,Newcastle Disease Virus (NDV),https://www.ncbi.nlm.nih.gov/pubmed/29281979,PRJEB21760,SAMEA104161570,ERX2090726,ERR2031669,ERS1820588,Newcastle Disease Virus,6,male,lung,Leghorn,susceptible,
Gallus gallus,Gallus gallus,Newcastle Disease Virus (NDV),https://www.ncbi.nlm.nih.gov/pubmed/29281979,PRJEB21760,SAMEA104161571,ERX2090727,ERR2031670,ERS1820589,Newcastle Disease Virus,6,male,lung,Leghorn,susceptible,
Gallus gallus,Gallus_gallus,Influenza,https://www.ncbi.nlm.nih.gov/pmc/articles/PMC4523026/,PRJEB7213,SAMEA2755505,ERX554281,ERR597329,ERS541385,H5N1,1,NA,lung,,,
Gallus gallus,Gallus_gallus,Influenza,https://www.ncbi.nlm.nih.gov/pmc/articles/PMC4523026/,PRJEB7213,SAMEA2755506,ERX554282,ERR597322,ERS541386,H5N2,3,NA,ileum,,,
Gallus gallus,Gallus_gallus,Influenza,https://www.ncbi.nlm.nih.gov/pmc/articles/PMC4523026/,PRJEB7213,SAMEA2755507,ERX554283,ERR597327,ERS541387,H5N1,1,NA,ileum,,,
Gallus gallus,Gallus_gallus,Influenza,https://www.ncbi.nlm.nih.gov/pmc/articles/PMC4523026/,PRJEB7213,SAMEA2755508,ERX554284,ERR597341,ERS541388,none,3,NA,ileum,,,
Gallus gallus,Gallus_gallus,Influenza,https://www.ncbi.nlm.nih.gov/pmc/articles/PMC4523026/,PRJEB7213,SAMEA2755509,ERX554285,ERR597335,ERS541389,none,3,NA,lung,,,
Gallus gallus,Gallus_gallus,Influenza,https://www.ncbi.nlm.nih.gov/pmc/articles/PMC4523026/,PRJEB7213,SAMEA2755510,ERX554286,ERR597324,ERS541390,H5N1,3,NA,lung,,,
Gallus gallus,Gallus_gallus,Influenza,https://www.ncbi.nlm.nih.gov/pmc/articles/PMC4523026/,PRJEB7213,SAMEA2755511,ERX554287,ERR597321,ERS541391,H5N1,1,NA,ileum,,,
Gallus gallus,Gallus_gallus,Influenza,https://www.ncbi.nlm.nih.gov/pmc/articles/PMC4523026/,PRJEB7213,SAMEA2755512,ERX554288,ERR597347,ERS541392,H5N2,3,NA,lung,,,
Gallus gallus,Gallus_gallus,Influenza,https://www.ncbi.nlm.nih.gov/pmc/articles/PMC4523026/,PRJEB7213,SAMEA2755513,ERX554289,ERR597337,ERS541393,H5N2,3,NA,lung,,,
Gallus gallus,Gallus_gallus,Influenza,https://www.ncbi.nlm.nih.gov/pmc/articles/PMC4523026/,PRJEB7213,SAMEA2755514,ERX554290,ERR597332,ERS541394,H5N1,1,NA,lung,,,
Gallus gallus,Gallus_gallus,Influenza,https://www.ncbi.nlm.nih.gov/pmc/articles/PMC4523026/,PRJEB7213,SAMEA2755515,ERX554291,ERR597350,ERS541395,none,3,NA,lung,,,
Gallus gallus,Gallus_gallus,Influenza,https://www.ncbi.nlm.nih.gov/pmc/articles/PMC4523026/,PRJEB7213,SAMEA2755516,ERX554292,ERR597340,ERS541396,H5N2,1,NA,lung,,,
Gallus gallus,Gallus_gallus,Influenza,https://www.ncbi.nlm.nih.gov/pmc/articles/PMC4523026/,PRJEB7213,SAMEA2755517,ERX554293,ERR597326,ERS541397,none,1,NA,ileum,,,
Gallus gallus,Gallus_gallus,Influenza,https://www.ncbi.nlm.nih.gov/pmc/articles/PMC4523026/,PRJEB7213,SAMEA2755518,ERX554294,ERR597353,ERS541398,H5N1,3,NA,ileum,,,
Gallus gallus,Gallus_gallus,Influenza,https://www.ncbi.nlm.nih.gov/pmc/articles/PMC4523026/,PRJEB7213,SAMEA2755519,ERX554295,ERR597330,ERS541399,none,1,NA,ileum,,,
Gallus gallus,Gallus_gallus,Influenza,https://www.ncbi.nlm.nih.gov/pmc/articles/PMC4523026/,PRJEB7213,SAMEA2755520,ERX554296,ERR597320,ERS541400,H5N2,3,NA,lung,,,
Gallus gallus,Gallus_gallus,Influenza,https://www.ncbi.nlm.nih.gov/pmc/articles/PMC4523026/,PRJEB7213,SAMEA2755521,ERX554297,ERR597334,ERS541401,H5N1,1,NA,ileum,,,
Gallus gallus,Gallus_gallus,Influenza,https://www.ncbi.nlm.nih.gov/pmc/articles/PMC4523026/,PRJEB7213,SAMEA2755522,ERX554298,ERR597349,ERS541402,none,3,NA,ileum,,,
Gallus gallus,Gallus_gallus,Influenza,https://www.ncbi.nlm.nih.gov/pmc/articles/PMC4523026/,PRJEB7213,SAMEA2755523,ERX554299,ERR597352,ERS541403,H5N1,3,NA,lung,,,
Gallus gallus,Gallus_gallus,Influenza,https://www.ncbi.nlm.nih.gov/pmc/articles/PMC4523026/,PRJEB7213,SAMEA2755524,ERX554300,ERR597336,ERS541404,none,3,NA,ileum,,,
Gallus gallus,Gallus_gallus,Influenza,https://www.ncbi.nlm.nih.gov/pmc/articles/PMC4523026/,PRJEB7213,SAMEA2755525,ERX554301,ERR597343,ERS541405,none,1,NA,ileum,,,
Gallus gallus,Gallus_gallus,Influenza,https://www.ncbi.nlm.nih.gov/pmc/articles/PMC4523026/,PRJEB7213,SAMEA2755526,ERX554302,ERR597318,ERS541406,H5N1,3,NA,lung,,,
Gallus gallus,Gallus_gallus,Influenza,https://www.ncbi.nlm.nih.gov/pmc/articles/PMC4523026/,PRJEB7213,SAMEA2755527,ERX554303,ERR597333,ERS541407,H5N2,3,NA,ileum,,,
Gallus gallus,Gallus_gallus,Influenza,https://www.ncbi.nlm.nih.gov/pmc/articles/PMC4523026/,PRJEB7213,SAMEA2755528,ERX554304,ERR597348,ERS541408,H5N2,1,NA,lung,,,
Gallus gallus,Gallus_gallus,Influenza,https://www.ncbi.nlm.nih.gov/pmc/articles/PMC4523026/,PRJEB7213,SAMEA2755529,ERX554305,ERR597345,ERS541409,H5N2,1,NA,ileum,,,
Gallus gallus,Gallus_gallus,Influenza,https://www.ncbi.nlm.nih.gov/pmc/articles/PMC4523026/,PRJEB7213,SAMEA2755530,ERX554306,ERR597351,ERS541410,H5N2,1,NA,lung,,,
Gallus gallus,Gallus_gallus,Influenza,https://www.ncbi.nlm.nih.gov/pmc/articles/PMC4523026/,PRJEB7213,SAMEA2755531,ERX554307,ERR597331,ERS541411,none,3,NA,lung,,,
Gallus gallus,Gallus_gallus,Influenza,https://www.ncbi.nlm.nih.gov/pmc/articles/PMC4523026/,PRJEB7213,SAMEA2755532,ERX554308,ERR597328,ERS541412,none,1,NA,lung,,,
Gallus gallus,Gallus_gallus,Influenza,https://www.ncbi.nlm.nih.gov/pmc/articles/PMC4523026/,PRJEB7213,SAMEA2755533,ERX554309,ERR597339,ERS541413,H5N1,3,NA,ileum,,,
Gallus gallus,Gallus_gallus,Influenza,https://www.ncbi.nlm.nih.gov/pmc/articles/PMC4523026/,PRJEB7213,SAMEA2755534,ERX554310,ERR597342,ERS541414,H5N2,1,NA,ileum,,,
Gallus gallus,Gallus_gallus,Influenza,https://www.ncbi.nlm.nih.gov/pmc/articles/PMC4523026/,PRJEB7213,SAMEA2755535,ERX554311,ERR597325,ERS541415,none,1,NA,lung,,,
Gallus gallus,Gallus_gallus,Influenza,https://www.ncbi.nlm.nih.gov/pmc/articles/PMC4523026/,PRJEB7213,SAMEA2755536,ERX554312,ERR597344,ERS541416,H5N2,3,NA,ileum,,,
Gallus gallus,Gallus_gallus,Influenza,https://www.ncbi.nlm.nih.gov/pmc/articles/PMC4523026/,PRJEB7213,SAMEA2755537,ERX554313,ERR597319,ERS541417,none,1,NA,lung,,,
Gallus gallus,Gallus_gallus,Influenza,https://www.ncbi.nlm.nih.gov/pmc/articles/PMC4523026/,PRJEB7213,SAMEA2755538,ERX554314,ERR597346,ERS541418,H5N1,3,NA,ileum,,,
Gallus gallus,Gallus_gallus,Influenza,https://www.ncbi.nlm.nih.gov/pmc/articles/PMC4523026/,PRJEB7213,SAMEA2755539,ERX554315,ERR597323,ERS541419,H5N1,1,NA,lung,,,
Gallus gallus,Gallus_gallus,Influenza,https://www.ncbi.nlm.nih.gov/pmc/articles/PMC4523026/,PRJEB7213,SAMEA2755540,ERX554316,ERR597338,ERS541420,H5N2,1,NA,ileum,,,
Anas platyrhynchos,Anas_platyrhynchos,Influenza,https://www.ncbi.nlm.nih.gov/pmc/articles/PMC4523026/,PRJEB7215,SAMEA2755617,ERX554392,ERR597450,ERS541497,H5N2,3,NA,ileum,,,
Anas platyrhynchos,Anas_platyrhynchos,Influenza,https://www.ncbi.nlm.nih.gov/pmc/articles/PMC4523026/,PRJEB7215,SAMEA2755618,ERX554393,ERR597435,ERS541498,H5N2,3,NA,lung,,,
Anas platyrhynchos,Anas_platyrhynchos,Influenza,https://www.ncbi.nlm.nih.gov/pmc/articles/PMC4523026/,PRJEB7215,SAMEA2755619,ERX554394,ERR597452,ERS541499,H5N1,3,NA,lung,,,
Anas platyrhynchos,Anas_platyrhynchos,Influenza,https://www.ncbi.nlm.nih.gov/pmc/articles/PMC4523026/,PRJEB7215,SAMEA2755620,ERX554395,ERR597446,ERS541500,H5N2,1,NA,ileum,,,
Anas platyrhynchos,Anas_platyrhynchos,Influenza,https://www.ncbi.nlm.nih.gov/pmc/articles/PMC4523026/,PRJEB7215,SAMEA2755621,ERX554396,ERR597455,ERS541501,H5N1,1,NA,ileum,,,
Anas platyrhynchos,Anas_platyrhynchos,Influenza,https://www.ncbi.nlm.nih.gov/pmc/articles/PMC4523026/,PRJEB7215,SAMEA2755622,ERX554397,ERR597463,ERS541502,none,1,NA,ileum,,,
Anas platyrhynchos,Anas_platyrhynchos,Influenza,https://www.ncbi.nlm.nih.gov/pmc/articles/PMC4523026/,PRJEB7215,SAMEA2755623,ERX554398,ERR597454,ERS541503,H5N2,3,NA,ileum,,,
Anas platyrhynchos,Anas_platyrhynchos,Influenza,https://www.ncbi.nlm.nih.gov/pmc/articles/PMC4523026/,PRJEB7215,SAMEA2755624,ERX554399,ERR597432,ERS541504,none,1,NA,ileum,,,
Anas platyrhynchos,Anas_platyrhynchos,Influenza,https://www.ncbi.nlm.nih.gov/pmc/articles/PMC4523026/,PRJEB7215,SAMEA2755625,ERX554400,ERR597443,ERS541505,H5N2,1,NA,lung,,,
Anas platyrhynchos,Anas_platyrhynchos,Influenza,https://www.ncbi.nlm.nih.gov/pmc/articles/PMC4523026/,PRJEB7215,SAMEA2755626,ERX554401,ERR597458,ERS541506,H5N1,3,NA,lung,,,
Anas platyrhynchos,Anas_platyrhynchos,Influenza,https://www.ncbi.nlm.nih.gov/pmc/articles/PMC4523026/,PRJEB7215,SAMEA2755627,ERX554402,ERR597456,ERS541507,H5N2,3,NA,lung,,,
Anas platyrhynchos,Anas_platyrhynchos,Influenza,https://www.ncbi.nlm.nih.gov/pmc/articles/PMC4523026/,PRJEB7215,SAMEA2755628,ERX554403,ERR597461,ERS541508,H5N2,1,NA,ileum,,,
Anas platyrhynchos,Anas_platyrhynchos,Influenza,https://www.ncbi.nlm.nih.gov/pmc/articles/PMC4523026/,PRJEB7215,SAMEA2755629,ERX554404,ERR597457,ERS541509,H5N1,1,NA,ileum,,,
Anas platyrhynchos,Anas_platyrhynchos,Influenza,https://www.ncbi.nlm.nih.gov/pmc/articles/PMC4523026/,PRJEB7215,SAMEA2755630,ERX554405,ERR597431,ERS541510,H5N2,1,NA,ileum,,,
Anas platyrhynchos,Anas_platyrhynchos,Influenza,https://www.ncbi.nlm.nih.gov/pmc/articles/PMC4523026/,PRJEB7215,SAMEA2755631,ERX554406,ERR597441,ERS541511,none,3,NA,lung,,,
Anas platyrhynchos,Anas_platyrhynchos,Influenza,https://www.ncbi.nlm.nih.gov/pmc/articles/PMC4523026/,PRJEB7215,SAMEA2755632,ERX554407,ERR597444,ERS541512,H5N2,1,NA,lung,,,
Anas platyrhynchos,Anas_platyrhynchos,Influenza,https://www.ncbi.nlm.nih.gov/pmc/articles/PMC4523026/,PRJEB7215,SAMEA2755633,ERX554408,ERR597460,ERS541513,H5N2,3,NA,lung,,,
Anas platyrhynchos,Anas_platyrhynchos,Influenza,https://www.ncbi.nlm.nih.gov/pmc/articles/PMC4523026/,PRJEB7215,SAMEA2755634,ERX554409,ERR597442,ERS541514,none,3,NA,ileum,,,
Anas platyrhynchos,Anas_platyrhynchos,Influenza,https://www.ncbi.nlm.nih.gov/pmc/articles/PMC4523026/,PRJEB7215,SAMEA2755635,ERX554410,ERR597436,ERS541515,H5N1,3,NA,ileum,,,
Anas platyrhynchos,Anas_platyrhynchos,Influenza,https://www.ncbi.nlm.nih.gov/pmc/articles/PMC4523026/,PRJEB7215,SAMEA2755636,ERX554411,ERR597430,ERS541516,none,1,NA,lung,,,
Anas platyrhynchos,Anas_platyrhynchos,Influenza,https://www.ncbi.nlm.nih.gov/pmc/articles/PMC4523026/,PRJEB7215,SAMEA2755637,ERX554412,ERR597429,ERS541517,H5N1,3,NA,lung,,,
Anas platyrhynchos,Anas_platyrhynchos,Influenza,https://www.ncbi.nlm.nih.gov/pmc/articles/PMC4523026/,PRJEB7215,SAMEA2755638,ERX554413,ERR597451,ERS541518,H5N1,3,NA,ileum,,,
Anas platyrhynchos,Anas_platyrhynchos,Influenza,https://www.ncbi.nlm.nih.gov/pmc/articles/PMC4523026/,PRJEB7215,SAMEA2755639,ERX554414,ERR597459,ERS541519,H5N2,3,NA,ileum,,,
Anas platyrhynchos,Anas_platyrhynchos,Influenza,https://www.ncbi.nlm.nih.gov/pmc/articles/PMC4523026/,PRJEB7215,SAMEA2755640,ERX554415,ERR597464,ERS541520,none,3,NA,lung,,,
Anas platyrhynchos,Anas_platyrhynchos,Influenza,https://www.ncbi.nlm.nih.gov/pmc/articles/PMC4523026/,PRJEB7215,SAMEA2755641,ERX554416,ERR597439,ERS541521,H5N1,1,NA,lung,,,
Anas platyrhynchos,Anas_platyrhynchos,Influenza,https://www.ncbi.nlm.nih.gov/pmc/articles/PMC4523026/,PRJEB7215,SAMEA2755642,ERX554417,ERR597448,ERS541522,none,3,NA,lung,,,
Anas platyrhynchos,Anas_platyrhynchos,Influenza,https://www.ncbi.nlm.nih.gov/pmc/articles/PMC4523026/,PRJEB7215,SAMEA2755643,ERX554418,ERR597438,ERS541523,H5N1,1,NA,lung,,,
Anas platyrhynchos,Anas_platyrhynchos,Influenza,https://www.ncbi.nlm.nih.gov/pmc/articles/PMC4523026/,PRJEB7215,SAMEA2755644,ERX554419,ERR597453,ERS541524,none,1,NA,lung,,,
Anas platyrhynchos,Anas_platyrhynchos,Influenza,https://www.ncbi.nlm.nih.gov/pmc/articles/PMC4523026/,PRJEB7215,SAMEA2755645,ERX554420,ERR597449,ERS541525,H5N1,1,NA,lung,,,
Anas platyrhynchos,Anas_platyrhynchos,Influenza,https://www.ncbi.nlm.nih.gov/pmc/articles/PMC4523026/,PRJEB7215,SAMEA2755646,ERX554421,ERR597437,ERS541526,H5N1,3,NA,ileum,,,
Anas platyrhynchos,Anas_platyrhynchos,Influenza,https://www.ncbi.nlm.nih.gov/pmc/articles/PMC4523026/,PRJEB7215,SAMEA2755647,ERX554422,ERR597447,ERS541527,none,3,NA,ileum,,,
Anas platyrhynchos,Anas_platyrhynchos,Influenza,https://www.ncbi.nlm.nih.gov/pmc/articles/PMC4523026/,PRJEB7215,SAMEA2755648,ERX554423,ERR597433,ERS541528,H5N2,1,NA,lung,,,
Anas platyrhynchos,Anas_platyrhynchos,Influenza,https://www.ncbi.nlm.nih.gov/pmc/articles/PMC4523026/,PRJEB7215,SAMEA2755649,ERX554424,ERR597440,ERS541529,none,1,NA,lung,,,
Anas platyrhynchos,Anas_platyrhynchos,Influenza,https://www.ncbi.nlm.nih.gov/pmc/articles/PMC4523026/,PRJEB7215,SAMEA2755650,ERX554425,ERR597445,ERS541530,none,3,NA,ileum,,,
Anas platyrhynchos,Anas_platyrhynchos,Influenza,https://www.ncbi.nlm.nih.gov/pmc/articles/PMC4523026/,PRJEB7215,SAMEA2755651,ERX554426,ERR597434,ERS541531,none,1,NA,ileum,,,
Anas platyrhynchos,Anas_platyrhynchos,Influenza,https://www.ncbi.nlm.nih.gov/pmc/articles/PMC4523026/,PRJEB7215,SAMEA2755652,ERX554427,ERR597462,ERS541532,H5N1,1,NA,ileum,,,
Gallus gallus,Gallus_gallus,Bursal Disease Virus (IBDV),https://www.ncbi.nlm.nih.gov/pmc/articles/PMC5120589/,PRJEB7219,SAMEA2757654,ERX554443,ERR597475,ERS541539,none,4,NA,spleen,,,
Gallus gallus,Gallus_gallus,Bursal Disease Virus (IBDV),https://www.ncbi.nlm.nih.gov/pmc/articles/PMC5120589/,PRJEB7219,SAMEA2757650,ERX554439,ERR597476,ERS541535,IBDV,4,NA,spleen,,,
Gallus gallus,Gallus_gallus,Bursal Disease Virus (IBDV),https://www.ncbi.nlm.nih.gov/pmc/articles/PMC5120589/,PRJEB7219,SAMEA2757651,ERX554440,ERR597477,ERS541536,none,4,NA,spleen,,,
Gallus gallus,Gallus_gallus,Bursal Disease Virus (IBDV),https://www.ncbi.nlm.nih.gov/pmc/articles/PMC5120589/,PRJEB7219,SAMEA2757652,ERX554441,ERR597478,ERS541537,IBDV,4,NA,spleen,,,
Gallus gallus,Gallus_gallus,Bursal Disease Virus (IBDV),https://www.ncbi.nlm.nih.gov/pmc/articles/PMC5120589/,PRJEB7219,SAMEA2757649,ERX554438,ERR597479,ERS541534,IBDV,4,NA,spleen,,,
Gallus gallus,Gallus_gallus,Bursal Disease Virus (IBDV),https://www.ncbi.nlm.nih.gov/pmc/articles/PMC5120589/,PRJEB7219,SAMEA2757653,ERX554442,ERR597480,ERS541538,none,4,NA,spleen,,,
Spinus spinus,Serinus_canaria,Plasmodium,https://www.ncbi.nlm.nih.gov/pubmed/25636457,PRJNA257687,SAMN02953971,SRX681403,SRR1551783,SRS676580,Control,0,NA,whole blood,Bird 1,,
Spinus spinus,Serinus_canaria,Plasmodium,https://www.ncbi.nlm.nih.gov/pubmed/25636458,PRJNA257687,SAMN02953972,SRX681404,SRR1551784,SRS676581,Control,21,NA,whole blood,Bird 1,,
Spinus spinus,Serinus_canaria,Plasmodium,https://www.ncbi.nlm.nih.gov/pubmed/25636459,PRJNA257687,SAMN02953973,SRX681405,SRR1551785,SRS676582,Control,32,NA,whole blood,Bird 1,,
Spinus spinus,Serinus_canaria,Plasmodium,https://www.ncbi.nlm.nih.gov/pubmed/25636460,PRJNA257687,SAMN02953974,SRX681406,SRR1551786,SRS676592,Avian malaria,0,NA,whole blood,Bird 2,,
Spinus spinus,Serinus_canaria,Plasmodium,https://www.ncbi.nlm.nih.gov/pubmed/25636461,PRJNA257687,SAMN02953975,SRX681407,SRR1551787,SRS676593,Avian malaria,21,NA,whole blood,Bird 2,,
Spinus spinus,Serinus_canaria,Plasmodium,https://www.ncbi.nlm.nih.gov/pubmed/25636462,PRJNA257687,SAMN02953976,SRX681408,SRR1551788,SRS676630,Avian malaria,31,NA,whole blood,Bird 2,,
Spinus spinus,Serinus_canaria,Plasmodium,https://www.ncbi.nlm.nih.gov/pubmed/25636463,PRJNA257687,SAMN02953977,SRX681409,SRR1551789,SRS676632,Avian malaria,0,NA,whole blood,Bird 3,,
Spinus spinus,Serinus_canaria,Plasmodium,https://www.ncbi.nlm.nih.gov/pubmed/25636464,PRJNA257687,SAMN02953978,SRX681410,SRR1551790,SRS676634,Avian malaria,21,NA,whole blood,Bird 3,,
Spinus spinus,Serinus_canaria,Plasmodium,https://www.ncbi.nlm.nih.gov/pubmed/25636465,PRJNA257687,SAMN02953979,SRX681411,SRR1551791,SRS677843,Avian malaria,31,NA,whole blood,Bird 3,,
Spinus spinus,Serinus_canaria,Plasmodium,https://www.ncbi.nlm.nih.gov/pubmed/25636466,PRJNA257687,SAMN02953980,SRX681412,SRR1551792,SRS679264,Avian malaria,0,NA,whole blood,Bird 4,,
Spinus spinus,Serinus_canaria,Plasmodium,https://www.ncbi.nlm.nih.gov/pubmed/25636467,PRJNA257687,SAMN02953981,SRX681413,SRR1551793,SRS679265,Avian malaria,21,NA,whole blood,Bird 4,,
Spinus spinus,Serinus_canaria,Plasmodium,https://www.ncbi.nlm.nih.gov/pubmed/25636468,PRJNA257687,SAMN02953982,SRX681414,SRR1551794,SRS679266,Avian malaria,31,NA,whole blood,Bird 4,,
Gallus gallus,Gallus_gallus,E. coli,https://www.ncbi.nlm.nih.gov/pubmed/26369556,PRJNA279487,SAMN03448250,SRX969384,SRR1930803,SRS884579,APEC,5,male,bone marrow,susceptible,,
Gallus gallus,Gallus_gallus,E. coli,https://www.ncbi.nlm.nih.gov/pubmed/26369557,PRJNA279487,SAMN03448326,SRX969383,SRR1930802,SRS884580,APEC,5,male,bone marrow,susceptible,,
Gallus gallus,Gallus_gallus,E. coli,https://www.ncbi.nlm.nih.gov/pubmed/26369558,PRJNA279487,SAMN03448369,SRX969382,SRR1930801,SRS884581,APEC,5,male,bone marrow,susceptible,,
Gallus gallus,Gallus_gallus,E. coli,https://www.ncbi.nlm.nih.gov/pubmed/26369559,PRJNA279487,SAMN03448394,SRX969381,SRR1930800,SRS884582,APEC,5,male,bone marrow,susceptible,,
Gallus gallus,Gallus_gallus,E. coli,https://www.ncbi.nlm.nih.gov/pubmed/26369560,PRJNA279487,SAMN03448248,SRX969380,SRR1930799,SRS884583,APEC,1,male,bone marrow,susceptible,,
Gallus gallus,Gallus_gallus,E. coli,https://www.ncbi.nlm.nih.gov/pubmed/26369561,PRJNA279487,SAMN03448208,SRX969379,SRR1930798,SRS884584,APEC,1,male,bone marrow,susceptible,,
Gallus gallus,Gallus_gallus,E. coli,https://www.ncbi.nlm.nih.gov/pubmed/26369562,PRJNA279487,SAMN03448327,SRX969378,SRR1930797,SRS884585,APEC,1,male,bone marrow,susceptible,,
Gallus gallus,Gallus_gallus,E. coli,https://www.ncbi.nlm.nih.gov/pubmed/26369563,PRJNA279487,SAMN03448216,SRX969377,SRR1930796,SRS884586,APEC,1,male,bone marrow,susceptible,,
Gallus gallus,Gallus_gallus,E. coli,https://www.ncbi.nlm.nih.gov/pubmed/26369564,PRJNA279487,SAMN03448226,SRX969376,SRR1930795,SRS884587,APEC,5,male,bone marrow,resistant,,
Gallus gallus,Gallus_gallus,E. coli,https://www.ncbi.nlm.nih.gov/pubmed/26369565,PRJNA279487,SAMN03448196,SRX969374,SRR1930793,SRS884588,APEC,5,male,bone marrow,resistant,,
Gallus gallus,Gallus_gallus,E. coli,https://www.ncbi.nlm.nih.gov/pubmed/26369566,PRJNA279487,SAMN03448349,SRX969375,SRR1930794,SRS884589,APEC,5,male,bone marrow,resistant,,
Gallus gallus,Gallus_gallus,E. coli,https://www.ncbi.nlm.nih.gov/pubmed/26369567,PRJNA279487,SAMN03448231,SRX969373,SRR1930792,SRS884590,APEC,5,male,bone marrow,resistant,,
Gallus gallus,Gallus_gallus,E. coli,https://www.ncbi.nlm.nih.gov/pubmed/26369568,PRJNA279487,SAMN03448334,SRX969372,SRR1930791,SRS884591,APEC,1,male,bone marrow,resistant,,
Gallus gallus,Gallus_gallus,E. coli,https://www.ncbi.nlm.nih.gov/pubmed/26369569,PRJNA279487,SAMN03448347,SRX969371,SRR1930790,SRS884592,APEC,1,male,bone marrow,resistant,,
Gallus gallus,Gallus_gallus,E. coli,https://www.ncbi.nlm.nih.gov/pubmed/26369570,PRJNA279487,SAMN03448235,SRX969370,SRR1930789,SRS884593,APEC,1,male,bone marrow,resistant,,
Gallus gallus,Gallus_gallus,E. coli,https://www.ncbi.nlm.nih.gov/pubmed/26369571,PRJNA279487,SAMN03448393,SRX969369,SRR1930788,SRS884594,APEC,1,male,bone marrow,resistant,,
Gallus gallus,Gallus_gallus,E. coli,https://www.ncbi.nlm.nih.gov/pubmed/26369572,PRJNA279487,SAMN03448350,SRX969368,SRR1930787,SRS884595,control,5,male,bone marrow,NA,,
Gallus gallus,Gallus_gallus,E. coli,https://www.ncbi.nlm.nih.gov/pubmed/26369573,PRJNA279487,SAMN03448301,SRX969366,SRR1930785,SRS884596,control,5,male,bone marrow,NA,,
Gallus gallus,Gallus_gallus,E. coli,https://www.ncbi.nlm.nih.gov/pubmed/26369574,PRJNA279487,SAMN03448376,SRX969367,SRR1930786,SRS884597,control,5,male,bone marrow,NA,,
Gallus gallus,Gallus_gallus,E. coli,https://www.ncbi.nlm.nih.gov/pubmed/26369575,PRJNA279487,SAMN03448276,SRX969365,SRR1930784,SRS884598,control,5,male,bone marrow,NA,,
Gallus gallus,Gallus_gallus,E. coli,https://www.ncbi.nlm.nih.gov/pubmed/26369576,PRJNA279487,SAMN03448311,SRX969363,SRR1930782,SRS884599,control,1,male,bone marrow,NA,,
Gallus gallus,Gallus_gallus,E. coli,https://www.ncbi.nlm.nih.gov/pubmed/26369577,PRJNA279487,SAMN03448389,SRX969362,SRR1930781,SRS884600,control,1,male,bone marrow,NA,,
Gallus gallus,Gallus_gallus,E. coli,https://www.ncbi.nlm.nih.gov/pubmed/26369578,PRJNA279487,SAMN03448249,SRX969364,SRR1930783,SRS884601,control,1,male,bone marrow,NA,,
Gallus gallus,Gallus_gallus,E. coli,https://www.ncbi.nlm.nih.gov/pubmed/26369579,PRJNA279487,SAMN03448396,SRX969361,SRR1930780,SRS884602,control,1,male,bone marrow,NA,,
Gallus gallus,Gallus_gallus,E. coli,https://www.ncbi.nlm.nih.gov/pubmed/27466434,PRJNA284293,SAMN03701058,SRX1032778,SRR2032334,SRS940375,Avian Pathogenic Escherichia coli O1,5,NA,thymus,susceptible,susceptible,
Gallus gallus,Gallus_gallus,E. coli,https://www.ncbi.nlm.nih.gov/pubmed/27466435,PRJNA284293,SAMN03701057,SRX1032777,SRR2032333,SRS940376,Avian Pathogenic Escherichia coli O1,5,NA,thymus,susceptible,susceptible,
Gallus gallus,Gallus_gallus,E. coli,https://www.ncbi.nlm.nih.gov/pubmed/27466436,PRJNA284293,SAMN03701056,SRX1032776,SRR2032332,SRS940377,Avian Pathogenic Escherichia coli O1,5,NA,thymus,susceptible,susceptible,
Gallus gallus,Gallus_gallus,E. coli,https://www.ncbi.nlm.nih.gov/pubmed/27466437,PRJNA284293,SAMN03701055,SRX1032775,SRR2032331,SRS940378,Avian Pathogenic Escherichia coli O1,5,NA,thymus,susceptible,susceptible,
Gallus gallus,Gallus_gallus,E. coli,https://www.ncbi.nlm.nih.gov/pubmed/27466438,PRJNA284293,SAMN03701054,SRX1032774,SRR2032330,SRS940379,Avian Pathogenic Escherichia coli O1,1,NA,thymus,susceptible,susceptible,
Gallus gallus,Gallus_gallus,E. coli,https://www.ncbi.nlm.nih.gov/pubmed/27466439,PRJNA284293,SAMN03701053,SRX1032773,SRR2032329,SRS940380,Avian Pathogenic Escherichia coli O1,1,NA,thymus,susceptible,susceptible,
Gallus gallus,Gallus_gallus,E. coli,https://www.ncbi.nlm.nih.gov/pubmed/27466440,PRJNA284293,SAMN03701052,SRX1032772,SRR2032328,SRS940381,Avian Pathogenic Escherichia coli O1,1,NA,thymus,susceptible,susceptible,
Gallus gallus,Gallus_gallus,E. coli,https://www.ncbi.nlm.nih.gov/pubmed/27466441,PRJNA284293,SAMN03701051,SRX1032771,SRR2032327,SRS940382,Avian Pathogenic Escherichia coli O1,1,NA,thymus,susceptible,susceptible,
Gallus gallus,Gallus_gallus,E. coli,https://www.ncbi.nlm.nih.gov/pubmed/27466442,PRJNA284293,SAMN03701050,SRX1032770,SRR2032326,SRS940383,Avian Pathogenic Escherichia coli O1,5,NA,thymus,resistant,resistant,
Gallus gallus,Gallus_gallus,E. coli,https://www.ncbi.nlm.nih.gov/pubmed/27466443,PRJNA284293,SAMN03701049,SRX1032769,SRR2032325,SRS940384,Avian Pathogenic Escherichia coli O1,5,NA,thymus,resistant,resistant,
Gallus gallus,Gallus_gallus,E. coli,https://www.ncbi.nlm.nih.gov/pubmed/27466444,PRJNA284293,SAMN03701048,SRX1032768,SRR2032324,SRS940385,Avian Pathogenic Escherichia coli O1,5,NA,thymus,resistant,resistant,
Gallus gallus,Gallus_gallus,E. coli,https://www.ncbi.nlm.nih.gov/pubmed/27466445,PRJNA284293,SAMN03701047,SRX1032767,SRR2032323,SRS940386,Avian Pathogenic Escherichia coli O1,5,NA,thymus,resistant,resistant,
Gallus gallus,Gallus_gallus,E. coli,https://www.ncbi.nlm.nih.gov/pubmed/27466446,PRJNA284293,SAMN03701046,SRX1032766,SRR2032322,SRS940387,Avian Pathogenic Escherichia coli O1,1,NA,thymus,resistant,resistant,
Gallus gallus,Gallus_gallus,E. coli,https://www.ncbi.nlm.nih.gov/pubmed/27466447,PRJNA284293,SAMN03701045,SRX1032765,SRR2032321,SRS940388,Avian Pathogenic Escherichia coli O1,1,NA,thymus,resistant,resistant,
Gallus gallus,Gallus_gallus,E. coli,https://www.ncbi.nlm.nih.gov/pubmed/27466448,PRJNA284293,SAMN03701044,SRX1032764,SRR2032320,SRS940389,Avian Pathogenic Escherichia coli O1,1,NA,thymus,resistant,resistant,
Gallus gallus,Gallus_gallus,E. coli,https://www.ncbi.nlm.nih.gov/pubmed/27466449,PRJNA284293,SAMN03701043,SRX1032763,SRR2032319,SRS940390,Avian Pathogenic Escherichia coli O1,1,NA,thymus,resistant,resistant,
Gallus gallus,Gallus_gallus,E. coli,https://www.ncbi.nlm.nih.gov/pubmed/27466450,PRJNA284293,SAMN03701042,SRX1032762,SRR2032318,SRS940391,none (mock-challenged),5,NA,thymus,resistant,,
Gallus gallus,Gallus_gallus,E. coli,https://www.ncbi.nlm.nih.gov/pubmed/27466451,PRJNA284293,SAMN03701041,SRX1032761,SRR2032317,SRS940392,none (mock-challenged),5,NA,thymus,NA,,
Gallus gallus,Gallus_gallus,E. coli,https://www.ncbi.nlm.nih.gov/pubmed/27466452,PRJNA284293,SAMN03701040,SRX1032760,SRR2032316,SRS940393,none (mock-challenged),5,NA,thymus,NA,,
Gallus gallus,Gallus_gallus,E. coli,https://www.ncbi.nlm.nih.gov/pubmed/27466453,PRJNA284293,SAMN03701039,SRX1032759,SRR2032315,SRS940394,none (mock-challenged),5,NA,thymus,NA,,
Gallus gallus,Gallus_gallus,E. coli,https://www.ncbi.nlm.nih.gov/pubmed/27466454,PRJNA284293,SAMN03701038,SRX1032758,SRR2032314,SRS940395,none (mock-challenged),1,NA,thymus,NA,,
Gallus gallus,Gallus_gallus,E. coli,https://www.ncbi.nlm.nih.gov/pubmed/27466455,PRJNA284293,SAMN03701037,SRX1032757,SRR2032313,SRS940396,none (mock-challenged),1,NA,thymus,NA,,
Gallus gallus,Gallus_gallus,E. coli,https://www.ncbi.nlm.nih.gov/pubmed/27466456,PRJNA284293,SAMN03701036,SRX1032756,SRR2032312,SRS940397,none (mock-challenged),1,NA,thymus,NA,,
Gallus gallus,Gallus_gallus,E. coli,https://www.ncbi.nlm.nih.gov/pubmed/27466457,PRJNA284293,SAMN03701035,SRX1032755,SRR2032311,SRS940398,none (mock-challenged),1,NA,thymus,NA,,
Gallus gallus,Gallus_gallus,E. coli,https://www.ncbi.nlm.nih.gov/pubmed/26556806,PRJNA288323,SAMN03798213,SRX1074646,SRR2079872,SRS973135,Avian Pathogenic Escherichia coli O1,1,male,bursa,susceptible,,
Gallus gallus,Gallus_gallus,E. coli,https://www.ncbi.nlm.nih.gov/pubmed/26556807,PRJNA288323,SAMN03798212,SRX1074645,SRR2079871,SRS973136,Avian Pathogenic Escherichia coli O1,1,male,bursa,susceptible,,
Gallus gallus,Gallus_gallus,E. coli,https://www.ncbi.nlm.nih.gov/pubmed/26556808,PRJNA288323,SAMN03798219,SRX1074652,SRR2079878,SRS973137,Avian Pathogenic Escherichia coli O1,5,male,bursa,susceptible,,
Gallus gallus,Gallus_gallus,E. coli,https://www.ncbi.nlm.nih.gov/pubmed/26556809,PRJNA288323,SAMN03798218,SRX1074651,SRR2079877,SRS973147,Avian Pathogenic Escherichia coli O1,5,male,bursa,susceptible,,
Gallus gallus,Gallus_gallus,E. coli,https://www.ncbi.nlm.nih.gov/pubmed/26556810,PRJNA288323,SAMN03798217,SRX1074650,SRR2079876,SRS973148,Avian Pathogenic Escherichia coli O1,5,male,bursa,susceptible,,
Gallus gallus,Gallus_gallus,E. coli,https://www.ncbi.nlm.nih.gov/pubmed/26556811,PRJNA288323,SAMN03798216,SRX1074649,SRR2079875,SRS973150,Avian Pathogenic Escherichia coli O1,5,male,bursa,susceptible,,
Gallus gallus,Gallus_gallus,E. coli,https://www.ncbi.nlm.nih.gov/pubmed/26556812,PRJNA288323,SAMN03798215,SRX1074648,SRR2079874,SRS973151,Avian Pathogenic Escherichia coli O1,1,male,bursa,susceptible,,
Gallus gallus,Gallus_gallus,E. coli,https://www.ncbi.nlm.nih.gov/pubmed/26556813,PRJNA288323,SAMN03798214,SRX1074647,SRR2079873,SRS973152,Avian Pathogenic Escherichia coli O1,1,male,bursa,susceptible,,
Gallus gallus,Gallus_gallus,E. coli,https://www.ncbi.nlm.nih.gov/pubmed/26556814,PRJNA288323,SAMN03798211,SRX1074644,SRR2079870,SRS973154,Avian Pathogenic Escherichia coli O1,5,male,bursa,resistant,,
Gallus gallus,Gallus_gallus,E. coli,https://www.ncbi.nlm.nih.gov/pubmed/26556815,PRJNA288323,SAMN03798206,SRX1074643,SRR2079869,SRS973155,Avian Pathogenic Escherichia coli O1,5,male,bursa,resistant,,
Gallus gallus,Gallus_gallus,E. coli,https://www.ncbi.nlm.nih.gov/pubmed/26556816,PRJNA288323,SAMN03798205,SRX1074642,SRR2079868,SRS973156,Avian Pathogenic Escherichia coli O1,5,male,bursa,resistant,,
Gallus gallus,Gallus_gallus,E. coli,https://www.ncbi.nlm.nih.gov/pubmed/26556817,PRJNA288323,SAMN03798204,SRX1074641,SRR2079867,SRS973157,Avian Pathogenic Escherichia coli O1,5,male,bursa,resistant,,
Gallus gallus,Gallus_gallus,E. coli,https://www.ncbi.nlm.nih.gov/pubmed/26556818,PRJNA288323,SAMN03798203,SRX1074640,SRR2079866,SRS973158,Avian Pathogenic Escherichia coli O1,1,male,bursa,resistant,,
Gallus gallus,Gallus_gallus,E. coli,https://www.ncbi.nlm.nih.gov/pubmed/26556819,PRJNA288323,SAMN03798202,SRX1074639,SRR2079865,SRS973159,Avian Pathogenic Escherichia coli O1,1,male,bursa,resistant,,
Gallus gallus,Gallus_gallus,E. coli,https://www.ncbi.nlm.nih.gov/pubmed/26556820,PRJNA288323,SAMN03798210,SRX1074637,SRR2079863,SRS973160,Avian Pathogenic Escherichia coli O1,1,male,bursa,resistant,,
Gallus gallus,Gallus_gallus,E. coli,https://www.ncbi.nlm.nih.gov/pubmed/26556821,PRJNA288323,SAMN03798201,SRX1074638,SRR2079864,SRS973161,Avian Pathogenic Escherichia coli O1,1,male,bursa,resistant,,
Gallus gallus,Gallus_gallus,E. coli,https://www.ncbi.nlm.nih.gov/pubmed/26556822,PRJNA288323,SAMN03798209,SRX1074636,SRR2079862,SRS973162,none (mock-challenged),5,male,bursa,NA,,
Gallus gallus,Gallus_gallus,E. coli,https://www.ncbi.nlm.nih.gov/pubmed/26556823,PRJNA288323,SAMN03798208,SRX1074635,SRR2079861,SRS973163,none (mock-challenged),5,male,bursa,NA,,
Gallus gallus,Gallus_gallus,E. coli,https://www.ncbi.nlm.nih.gov/pubmed/26556824,PRJNA288323,SAMN03798207,SRX1074634,SRR2079860,SRS973164,none (mock-challenged),5,male,bursa,NA,,
Gallus gallus,Gallus_gallus,E. coli,https://www.ncbi.nlm.nih.gov/pubmed/26556825,PRJNA288323,SAMN03798200,SRX1074633,SRR2079859,SRS973165,none (mock-challenged),1,male,bursa,NA,,
Gallus gallus,Gallus_gallus,E. coli,https://www.ncbi.nlm.nih.gov/pubmed/26556826,PRJNA288323,SAMN03798220,SRX1074631,SRR2079857,SRS973166,none (mock-challenged),1,male,bursa,NA,,
Gallus gallus,Gallus_gallus,E. coli,https://www.ncbi.nlm.nih.gov/pubmed/26556827,PRJNA288323,SAMN03798221,SRX1074632,SRR2079858,SRS973167,none (mock-challenged),1,male,bursa,NA,,
Gallus gallus,Gallus_gallus,Avian infectious bronchitis,https://www.ncbi.nlm.nih.gov/pubmed/26819139,PRJNA296924,SAMN04111236,SRX1286934,SRR2516436,SRS1089629,infectious bronchitis virus (IBV) at age of 3 wks,7,NA,spleen,L10H,high serum concentration of mannose-binding lectin (MBL),
Gallus gallus,Gallus_gallus,Avian infectious bronchitis,https://www.ncbi.nlm.nih.gov/pubmed/26819140,PRJNA296924,SAMN04111235,SRX1286933,SRR2516435,SRS1089631,infectious bronchitis virus (IBV) at age of 3 wks,7,NA,spleen,L10H,high serum concentration of mannose-binding lectin (MBL),
Gallus gallus,Gallus_gallus,Avian infectious bronchitis,https://www.ncbi.nlm.nih.gov/pubmed/26819141,PRJNA296924,SAMN04111234,SRX1286932,SRR2516434,SRS1089632,infectious bronchitis virus (IBV) at age of 3 wks,7,NA,spleen,L10H,high serum concentration of mannose-binding lectin (MBL),
Gallus gallus,Gallus_gallus,Avian infectious bronchitis,https://www.ncbi.nlm.nih.gov/pubmed/26819142,PRJNA296924,SAMN04111233,SRX1286931,SRR2516433,SRS1089633,infectious bronchitis virus (IBV) at age of 3 wks,7,NA,spleen,L10H,high serum concentration of mannose-binding lectin (MBL),
Gallus gallus,Gallus_gallus,Avian infectious bronchitis,https://www.ncbi.nlm.nih.gov/pubmed/26819143,PRJNA296924,SAMN04111232,SRX1286930,SRR2516432,SRS1089634,infectious bronchitis virus (IBV) at age of 3 wks,7,NA,spleen,L10H,high serum concentration of mannose-binding lectin (MBL),
Gallus gallus,Gallus_gallus,Avian infectious bronchitis,https://www.ncbi.nlm.nih.gov/pubmed/26819144,PRJNA296924,SAMN04111231,SRX1286929,SRR2516431,SRS1089635,infectious bronchitis virus (IBV) at age of 3 wks,7,NA,spleen,L10H,high serum concentration of mannose-binding lectin (MBL),
Gallus gallus,Gallus_gallus,Avian infectious bronchitis,https://www.ncbi.nlm.nih.gov/pubmed/26819145,PRJNA296924,SAMN04111230,SRX1286928,SRR2516430,SRS1089636,infectious bronchitis virus (IBV) at age of 3 wks,7,NA,spleen,L10H,high serum concentration of mannose-binding lectin (MBL),
Gallus gallus,Gallus_gallus,Avian infectious bronchitis,https://www.ncbi.nlm.nih.gov/pubmed/26819146,PRJNA296924,SAMN04111229,SRX1286927,SRR2516429,SRS1089637,infectious bronchitis virus (IBV) at age of 3 wks,7,NA,spleen,L10H,high serum concentration of mannose-binding lectin (MBL),
Gallus gallus,Gallus_gallus,Avian infectious bronchitis,https://www.ncbi.nlm.nih.gov/pubmed/26819147,PRJNA296924,SAMN04111228,SRX1286926,SRR2516428,SRS1089638,none (uninfected control),7,NA,spleen,L10H,high serum concentration of mannose-binding lectin (MBL),
Gallus gallus,Gallus_gallus,Avian infectious bronchitis,https://www.ncbi.nlm.nih.gov/pubmed/26819148,PRJNA296924,SAMN04111227,SRX1286925,SRR2516427,SRS1089639,none (uninfected control),7,NA,spleen,L10H,high serum concentration of mannose-binding lectin (MBL),
Gallus gallus,Gallus_gallus,Avian infectious bronchitis,https://www.ncbi.nlm.nih.gov/pubmed/26819149,PRJNA296924,SAMN04111226,SRX1286924,SRR2516426,SRS1089640,none (uninfected control),7,NA,spleen,L10H,high serum concentration of mannose-binding lectin (MBL),
Gallus gallus,Gallus_gallus,Avian infectious bronchitis,https://www.ncbi.nlm.nih.gov/pubmed/26819150,PRJNA296924,SAMN04111224,SRX1286922,SRR2516424,SRS1089641,none (uninfected control),7,NA,spleen,L10H,high serum concentration of mannose-binding lectin (MBL),
Gallus gallus,Gallus_gallus,Avian infectious bronchitis,https://www.ncbi.nlm.nih.gov/pubmed/26819151,PRJNA296924,SAMN04111225,SRX1286923,SRR2516425,SRS1089642,none (uninfected control),7,NA,spleen,L10H,high serum concentration of mannose-binding lectin (MBL),
Gallus gallus,Gallus_gallus,Avian infectious bronchitis,https://www.ncbi.nlm.nih.gov/pubmed/26819152,PRJNA296924,SAMN04111222,SRX1286920,SRR2516422,SRS1089643,none (uninfected control),7,NA,spleen,L10H,high serum concentration of mannose-binding lectin (MBL),
Gallus gallus,Gallus_gallus,Avian infectious bronchitis,https://www.ncbi.nlm.nih.gov/pubmed/26819153,PRJNA296924,SAMN04111223,SRX1286921,SRR2516423,SRS1089644,none (uninfected control),7,NA,spleen,L10H,high serum concentration of mannose-binding lectin (MBL),
Gallus gallus,Gallus_gallus,Avian infectious bronchitis,https://www.ncbi.nlm.nih.gov/pubmed/26819154,PRJNA296924,SAMN04111221,SRX1286919,SRR2516421,SRS1089645,none (uninfected control),7,NA,spleen,L10H,high serum concentration of mannose-binding lectin (MBL),
Gallus gallus,Gallus_gallus,Avian infectious bronchitis,https://www.ncbi.nlm.nih.gov/pubmed/26819155,PRJNA296924,SAMN04111188,SRX1286949,SRR2516451,SRS1089614,infectious bronchitis virus (IBV) at age of 3 wks,28,NA,spleen,L10H,high serum concentration of mannose-binding lectin (MBL),
Gallus gallus,Gallus_gallus,Avian infectious bronchitis,https://www.ncbi.nlm.nih.gov/pubmed/26819156,PRJNA296924,SAMN04111189,SRX1286950,SRR2516452,SRS1089615,infectious bronchitis virus (IBV) at age of 3 wks,28,NA,spleen,L10H,high serum concentration of mannose-binding lectin (MBL),
Gallus gallus,Gallus_gallus,Avian infectious bronchitis,https://www.ncbi.nlm.nih.gov/pubmed/26819157,PRJNA296924,SAMN04111250,SRX1286948,SRR2516450,SRS1089616,infectious bronchitis virus (IBV) at age of 3 wks,28,NA,spleen,L10H,high serum concentration of mannose-binding lectin (MBL),
Gallus gallus,Gallus_gallus,Avian infectious bronchitis,https://www.ncbi.nlm.nih.gov/pubmed/26819158,PRJNA296924,SAMN04111249,SRX1286947,SRR2516449,SRS1089617,infectious bronchitis virus (IBV) at age of 3 wks,28,NA,spleen,L10H,high serum concentration of mannose-binding lectin (MBL),
Gallus gallus,Gallus_gallus,Avian infectious bronchitis,https://www.ncbi.nlm.nih.gov/pubmed/26819159,PRJNA296924,SAMN04111248,SRX1286946,SRR2516448,SRS1089618,infectious bronchitis virus (IBV) at age of 3 wks,28,NA,spleen,L10H,high serum concentration of mannose-binding lectin (MBL),
Gallus gallus,Gallus_gallus,Avian infectious bronchitis,https://www.ncbi.nlm.nih.gov/pubmed/26819160,PRJNA296924,SAMN04111247,SRX1286945,SRR2516447,SRS1089619,infectious bronchitis virus (IBV) at age of 3 wks,28,NA,spleen,L10H,high serum concentration of mannose-binding lectin (MBL),
Gallus gallus,Gallus_gallus,Avian infectious bronchitis,https://www.ncbi.nlm.nih.gov/pubmed/26819161,PRJNA296924,SAMN04111246,SRX1286944,SRR2516446,SRS1089620,infectious bronchitis virus (IBV) at age of 3 wks,28,NA,spleen,L10H,high serum concentration of mannose-binding lectin (MBL),
Gallus gallus,Gallus_gallus,Avian infectious bronchitis,https://www.ncbi.nlm.nih.gov/pubmed/26819162,PRJNA296924,SAMN04111245,SRX1286943,SRR2516445,SRS1089621,infectious bronchitis virus (IBV) at age of 3 wks,28,NA,spleen,L10H,high serum concentration of mannose-binding lectin (MBL),
Gallus gallus,Gallus_gallus,Avian infectious bronchitis,https://www.ncbi.nlm.nih.gov/pubmed/26819163,PRJNA296924,SAMN04111244,SRX1286942,SRR2516444,SRS1089622,none (uninfected control),28,NA,spleen,L10H,high serum concentration of mannose-binding lectin (MBL),
Gallus gallus,Gallus_gallus,Avian infectious bronchitis,https://www.ncbi.nlm.nih.gov/pubmed/26819164,PRJNA296924,SAMN04111243,SRX1286941,SRR2516443,SRS1089623,none (uninfected control),28,NA,spleen,L10H,high serum concentration of mannose-binding lectin (MBL),
Gallus gallus,Gallus_gallus,Avian infectious bronchitis,https://www.ncbi.nlm.nih.gov/pubmed/26819165,PRJNA296924,SAMN04111242,SRX1286940,SRR2516442,SRS1089624,none (uninfected control),28,NA,spleen,L10H,high serum concentration of mannose-binding lectin (MBL),
Gallus gallus,Gallus_gallus,Avian infectious bronchitis,https://www.ncbi.nlm.nih.gov/pubmed/26819166,PRJNA296924,SAMN04111241,SRX1286939,SRR2516441,SRS1089625,none (uninfected control),28,NA,spleen,L10H,high serum concentration of mannose-binding lectin (MBL),
Gallus gallus,Gallus_gallus,Avian infectious bronchitis,https://www.ncbi.nlm.nih.gov/pubmed/26819167,PRJNA296924,SAMN04111240,SRX1286938,SRR2516440,SRS1089626,none (uninfected control),28,NA,spleen,L10H,high serum concentration of mannose-binding lectin (MBL),
Gallus gallus,Gallus_gallus,Avian infectious bronchitis,https://www.ncbi.nlm.nih.gov/pubmed/26819168,PRJNA296924,SAMN04111238,SRX1286936,SRR2516438,SRS1089627,none (uninfected control),28,NA,spleen,L10H,high serum concentration of mannose-binding lectin (MBL),
Gallus gallus,Gallus_gallus,Avian infectious bronchitis,https://www.ncbi.nlm.nih.gov/pubmed/26819169,PRJNA296924,SAMN04111239,SRX1286937,SRR2516439,SRS1089628,none (uninfected control),28,NA,spleen,L10H,high serum concentration of mannose-binding lectin (MBL),
Gallus gallus,Gallus_gallus,Avian infectious bronchitis,https://www.ncbi.nlm.nih.gov/pubmed/26819170,PRJNA296924,SAMN04111237,SRX1286935,SRR2516437,SRS1089630,none (uninfected control),28,NA,spleen,L10H,high serum concentration of mannose-binding lectin (MBL),
Gallus gallus,Gallus_gallus,Avian infectious bronchitis,https://www.ncbi.nlm.nih.gov/pubmed/26819171,PRJNA296924,SAMN04111202,SRX1286963,SRR2516465,SRS1089599,infectious bronchitis virus (IBV) at age of 3 wks,7,NA,spleen,L10L,low serum concentration of mannose-binding lectin (MBL),
Gallus gallus,Gallus_gallus,Avian infectious bronchitis,https://www.ncbi.nlm.nih.gov/pubmed/26819172,PRJNA296924,SAMN04111203,SRX1286964,SRR2516466,SRS1089600,infectious bronchitis virus (IBV) at age of 3 wks,7,NA,spleen,L10L,low serum concentration of mannose-binding lectin (MBL),
Gallus gallus,Gallus_gallus,Avian infectious bronchitis,https://www.ncbi.nlm.nih.gov/pubmed/26819173,PRJNA296924,SAMN04111204,SRX1286965,SRR2516467,SRS1089601,infectious bronchitis virus (IBV) at age of 3 wks,7,NA,spleen,L10L,low serum concentration of mannose-binding lectin (MBL),
Gallus gallus,Gallus_gallus,Avian infectious bronchitis,https://www.ncbi.nlm.nih.gov/pubmed/26819174,PRJNA296924,SAMN04111201,SRX1286962,SRR2516464,SRS1089602,infectious bronchitis virus (IBV) at age of 3 wks,7,NA,spleen,L10L,low serum concentration of mannose-binding lectin (MBL),
Gallus gallus,Gallus_gallus,Avian infectious bronchitis,https://www.ncbi.nlm.nih.gov/pubmed/26819175,PRJNA296924,SAMN04111199,SRX1286960,SRR2516462,SRS1089603,infectious bronchitis virus (IBV) at age of 3 wks,7,NA,spleen,L10L,low serum concentration of mannose-binding lectin (MBL),
Gallus gallus,Gallus_gallus,Avian infectious bronchitis,https://www.ncbi.nlm.nih.gov/pubmed/26819176,PRJNA296924,SAMN04111200,SRX1286961,SRR2516463,SRS1089604,infectious bronchitis virus (IBV) at age of 3 wks,7,NA,spleen,L10L,low serum concentration of mannose-binding lectin (MBL),
Gallus gallus,Gallus_gallus,Avian infectious bronchitis,https://www.ncbi.nlm.nih.gov/pubmed/26819177,PRJNA296924,SAMN04111198,SRX1286959,SRR2516461,SRS1089607,infectious bronchitis virus (IBV) at age of 3 wks,7,NA,spleen,L10L,low serum concentration of mannose-binding lectin (MBL),
Gallus gallus,Gallus_gallus,Avian infectious bronchitis,https://www.ncbi.nlm.nih.gov/pubmed/26819178,PRJNA296924,SAMN04111197,SRX1286958,SRR2516460,SRS1089605,none (uninfected control),7,NA,spleen,L10L,low serum concentration of mannose-binding lectin (MBL),
Gallus gallus,Gallus_gallus,Avian infectious bronchitis,https://www.ncbi.nlm.nih.gov/pubmed/26819179,PRJNA296924,SAMN04111196,SRX1286957,SRR2516459,SRS1089606,none (uninfected control),7,NA,spleen,L10L,low serum concentration of mannose-binding lectin (MBL),
Gallus gallus,Gallus_gallus,Avian infectious bronchitis,https://www.ncbi.nlm.nih.gov/pubmed/26819180,PRJNA296924,SAMN04111195,SRX1286956,SRR2516458,SRS1089608,none (uninfected control),7,NA,spleen,L10L,low serum concentration of mannose-binding lectin (MBL),
Gallus gallus,Gallus_gallus,Avian infectious bronchitis,https://www.ncbi.nlm.nih.gov/pubmed/26819181,PRJNA296924,SAMN04111193,SRX1286954,SRR2516456,SRS1089609,none (uninfected control),7,NA,spleen,L10L,low serum concentration of mannose-binding lectin (MBL),
Gallus gallus,Gallus_gallus,Avian infectious bronchitis,https://www.ncbi.nlm.nih.gov/pubmed/26819182,PRJNA296924,SAMN04111194,SRX1286955,SRR2516457,SRS1089610,none (uninfected control),7,NA,spleen,L10L,low serum concentration of mannose-binding lectin (MBL),
Gallus gallus,Gallus_gallus,Avian infectious bronchitis,https://www.ncbi.nlm.nih.gov/pubmed/26819183,PRJNA296924,SAMN04111192,SRX1286953,SRR2516455,SRS1089611,none (uninfected control),7,NA,spleen,L10L,low serum concentration of mannose-binding lectin (MBL),
Gallus gallus,Gallus_gallus,Avian infectious bronchitis,https://www.ncbi.nlm.nih.gov/pubmed/26819184,PRJNA296924,SAMN04111191,SRX1286952,SRR2516454,SRS1089612,none (uninfected control),7,NA,spleen,L10L,low serum concentration of mannose-binding lectin (MBL),
Gallus gallus,Gallus_gallus,Avian infectious bronchitis,https://www.ncbi.nlm.nih.gov/pubmed/26819185,PRJNA296924,SAMN04111190,SRX1286951,SRR2516453,SRS1089613,none (uninfected control),7,NA,spleen,L10L,low serum concentration of mannose-binding lectin (MBL),
Gallus gallus,Gallus_gallus,Avian infectious bronchitis,https://www.ncbi.nlm.nih.gov/pubmed/26819186,PRJNA296924,SAMN04111220,SRX1286981,SRR2516483,SRS1089583,infectious bronchitis virus (IBV) at age of 3 wks,28,NA,spleen,L10L,low serum concentration of mannose-binding lectin (MBL),
Gallus gallus,Gallus_gallus,Avian infectious bronchitis,https://www.ncbi.nlm.nih.gov/pubmed/26819187,PRJNA296924,SAMN04111219,SRX1286980,SRR2516482,SRS1089584,infectious bronchitis virus (IBV) at age of 3 wks,28,NA,spleen,L10L,low serum concentration of mannose-binding lectin (MBL),
Gallus gallus,Gallus_gallus,Avian infectious bronchitis,https://www.ncbi.nlm.nih.gov/pubmed/26819188,PRJNA296924,SAMN04111218,SRX1286979,SRR2516481,SRS1089585,infectious bronchitis virus (IBV) at age of 3 wks,28,NA,spleen,L10L,low serum concentration of mannose-binding lectin (MBL),
Gallus gallus,Gallus_gallus,Avian infectious bronchitis,https://www.ncbi.nlm.nih.gov/pubmed/26819189,PRJNA296924,SAMN04111217,SRX1286978,SRR2516480,SRS1089586,infectious bronchitis virus (IBV) at age of 3 wks,28,NA,spleen,L10L,low serum concentration of mannose-binding lectin (MBL),
Gallus gallus,Gallus_gallus,Avian infectious bronchitis,https://www.ncbi.nlm.nih.gov/pubmed/26819190,PRJNA296924,SAMN04111216,SRX1286977,SRR2516479,SRS1089587,infectious bronchitis virus (IBV) at age of 3 wks,28,NA,spleen,L10L,low serum concentration of mannose-binding lectin (MBL),
Gallus gallus,Gallus_gallus,Avian infectious bronchitis,https://www.ncbi.nlm.nih.gov/pubmed/26819191,PRJNA296924,SAMN04111215,SRX1286976,SRR2516478,SRS1089588,infectious bronchitis virus (IBV) at age of 3 wks,28,NA,spleen,L10L,low serum concentration of mannose-binding lectin (MBL),
Gallus gallus,Gallus_gallus,Avian infectious bronchitis,https://www.ncbi.nlm.nih.gov/pubmed/26819192,PRJNA296924,SAMN04111214,SRX1286975,SRR2516477,SRS1089589,infectious bronchitis virus (IBV) at age of 3 wks,28,NA,spleen,L10L,low serum concentration of mannose-binding lectin (MBL),
Gallus gallus,Gallus_gallus,Avian infectious bronchitis,https://www.ncbi.nlm.nih.gov/pubmed/26819193,PRJNA296924,SAMN04111213,SRX1286974,SRR2516476,SRS1089590,infectious bronchitis virus (IBV) at age of 3 wks,28,NA,spleen,L10L,low serum concentration of mannose-binding lectin (MBL),
Gallus gallus,Gallus_gallus,Avian infectious bronchitis,https://www.ncbi.nlm.nih.gov/pubmed/26819194,PRJNA296924,SAMN04111212,SRX1286973,SRR2516475,SRS1089591,none (uninfected control),28,NA,spleen,L10L,low serum concentration of mannose-binding lectin (MBL),
Gallus gallus,Gallus_gallus,Avian infectious bronchitis,https://www.ncbi.nlm.nih.gov/pubmed/26819195,PRJNA296924,SAMN04111211,SRX1286972,SRR2516474,SRS1089592,none (uninfected control),28,NA,spleen,L10L,low serum concentration of mannose-binding lectin (MBL),
Gallus gallus,Gallus_gallus,Avian infectious bronchitis,https://www.ncbi.nlm.nih.gov/pubmed/26819196,PRJNA296924,SAMN04111210,SRX1286971,SRR2516473,SRS1089593,none (uninfected control),28,NA,spleen,L10L,low serum concentration of mannose-binding lectin (MBL),
Gallus gallus,Gallus_gallus,Avian infectious bronchitis,https://www.ncbi.nlm.nih.gov/pubmed/26819197,PRJNA296924,SAMN04111209,SRX1286970,SRR2516472,SRS1089594,none (uninfected control),28,NA,spleen,L10L,low serum concentration of mannose-binding lectin (MBL),
Gallus gallus,Gallus_gallus,Avian infectious bronchitis,https://www.ncbi.nlm.nih.gov/pubmed/26819198,PRJNA296924,SAMN04111208,SRX1286969,SRR2516471,SRS1089595,none (uninfected control),28,NA,spleen,L10L,low serum concentration of mannose-binding lectin (MBL),
Gallus gallus,Gallus_gallus,Avian infectious bronchitis,https://www.ncbi.nlm.nih.gov/pubmed/26819199,PRJNA296924,SAMN04111206,SRX1286967,SRR2516469,SRS1089596,none (uninfected control),28,NA,spleen,L10L,low serum concentration of mannose-binding lectin (MBL),
Gallus gallus,Gallus_gallus,Avian infectious bronchitis,https://www.ncbi.nlm.nih.gov/pubmed/26819200,PRJNA296924,SAMN04111207,SRX1286968,SRR2516470,SRS1089597,none (uninfected control),28,NA,spleen,L10L,low serum concentration of mannose-binding lectin (MBL),
Gallus gallus,Gallus_gallus,Avian infectious bronchitis,https://www.ncbi.nlm.nih.gov/pubmed/26819201,PRJNA296924,SAMN04111205,SRX1286966,SRR2516468,SRS1089598,none (uninfected control),28,NA,spleen,L10L,low serum concentration of mannose-binding lectin (MBL),
Gallus gallus,Gallus_gallus,Mycoplasma gallisepticum Rlow,https://www.ncbi.nlm.nih.gov/pubmed/28739827,PRJNA394119,SAMN07349296,SRX3001026,SRR5823188,SRS2351865,Infected,1,NA,trachea,White Leghorn,,
Gallus gallus,Gallus_gallus,Mycoplasma gallisepticum Rlow,https://www.ncbi.nlm.nih.gov/pubmed/28739828,PRJNA394119,SAMN07349332,SRX3001029,SRR5823191,SRS2351866,Infected,1,NA,trachea,White Leghorn,,
Gallus gallus,Gallus_gallus,Mycoplasma gallisepticum Rlow,https://www.ncbi.nlm.nih.gov/pubmed/28739829,PRJNA394119,SAMN07349334,SRX3001027,SRR5823189,SRS2351867,Infected,1,NA,trachea,White Leghorn,,
Gallus gallus,Gallus_gallus,Mycoplasma gallisepticum Rlow,https://www.ncbi.nlm.nih.gov/pubmed/28739830,PRJNA394119,SAMN07349331,SRX3001030,SRR5823192,SRS2351868,Infected,1,NA,trachea,White Leghorn,,
Gallus gallus,Gallus_gallus,Mycoplasma gallisepticum Rlow,https://www.ncbi.nlm.nih.gov/pubmed/28739831,PRJNA394119,SAMN07349333,SRX3001028,SRR5823190,SRS2351869,Infected,1,NA,trachea,White Leghorn,,
Gallus gallus,Gallus_gallus,Mycoplasma gallisepticum Rlow,https://www.ncbi.nlm.nih.gov/pubmed/28739832,PRJNA394119,SAMN07349329,SRX3001032,SRR5823194,SRS2351870,Control,1,NA,trachea,White Leghorn,,
Gallus gallus,Gallus_gallus,Mycoplasma gallisepticum Rlow,https://www.ncbi.nlm.nih.gov/pubmed/28739833,PRJNA394119,SAMN07349330,SRX3001031,SRR5823193,SRS2351871,Control,1,NA,trachea,White Leghorn,,
Gallus gallus,Gallus_gallus,Mycoplasma gallisepticum Rlow,https://www.ncbi.nlm.nih.gov/pubmed/28739834,PRJNA394119,SAMN07349328,SRX3001033,SRR5823195,SRS2351872,Control,1,NA,trachea,White Leghorn,,
Gallus gallus,Gallus_gallus,Mycoplasma gallisepticum Rlow,https://www.ncbi.nlm.nih.gov/pubmed/28739835,PRJNA394119,SAMN07349325,SRX3001035,SRR5823197,SRS2351873,Infected,3,NA,trachea,White Leghorn,,
Gallus gallus,Gallus_gallus,Mycoplasma gallisepticum Rlow,https://www.ncbi.nlm.nih.gov/pubmed/28739836,PRJNA394119,SAMN07349327,SRX3001034,SRR5823196,SRS2351874,Control,1,NA,trachea,White Leghorn,,
Gallus gallus,Gallus_gallus,Mycoplasma gallisepticum Rlow,https://www.ncbi.nlm.nih.gov/pubmed/28739837,PRJNA394119,SAMN07349324,SRX3001036,SRR5823198,SRS2351875,Infected,3,NA,trachea,White Leghorn,,
Gallus gallus,Gallus_gallus,Mycoplasma gallisepticum Rlow,https://www.ncbi.nlm.nih.gov/pubmed/28739838,PRJNA394119,SAMN07349323,SRX3001037,SRR5823199,SRS2351876,Infected,3,NA,trachea,White Leghorn,,
Gallus gallus,Gallus_gallus,Mycoplasma gallisepticum Rlow,https://www.ncbi.nlm.nih.gov/pubmed/28739839,PRJNA394119,SAMN07349326,SRX3001038,SRR5823200,SRS2351877,Infected,3,NA,trachea,White Leghorn,,
Gallus gallus,Gallus_gallus,Mycoplasma gallisepticum Rlow,https://www.ncbi.nlm.nih.gov/pubmed/28739840,PRJNA394119,SAMN07349322,SRX3001039,SRR5823201,SRS2351878,Infected,3,NA,trachea,White Leghorn,,
Gallus gallus,Gallus_gallus,Mycoplasma gallisepticum Rlow,https://www.ncbi.nlm.nih.gov/pubmed/28739841,PRJNA394119,SAMN07349321,SRX3001040,SRR5823202,SRS2351879,Control,3,NA,trachea,White Leghorn,,
Gallus gallus,Gallus_gallus,Mycoplasma gallisepticum Rlow,https://www.ncbi.nlm.nih.gov/pubmed/28739842,PRJNA394119,SAMN07349320,SRX3001041,SRR5823203,SRS2351880,Control,3,NA,trachea,White Leghorn,,
Gallus gallus,Gallus_gallus,Mycoplasma gallisepticum Rlow,https://www.ncbi.nlm.nih.gov/pubmed/28739843,PRJNA394119,SAMN07349318,SRX3001043,SRR5823205,SRS2351881,Control,3,NA,trachea,White Leghorn,,
Gallus gallus,Gallus_gallus,Mycoplasma gallisepticum Rlow,https://www.ncbi.nlm.nih.gov/pubmed/28739844,PRJNA394119,SAMN07349319,SRX3001042,SRR5823204,SRS2351882,Control,3,NA,trachea,White Leghorn,,
Gallus gallus,Gallus_gallus,Mycoplasma gallisepticum Rlow,https://www.ncbi.nlm.nih.gov/pubmed/28739845,PRJNA394119,SAMN07349317,SRX3001044,SRR5823206,SRS2351883,Control,3,NA,trachea,White Leghorn,,
Gallus gallus,Gallus_gallus,Mycoplasma gallisepticum Rlow,https://www.ncbi.nlm.nih.gov/pubmed/28739846,PRJNA394119,SAMN07349315,SRX3001046,SRR5823208,SRS2351884,Infected,5,NA,trachea,White Leghorn,,
Gallus gallus,Gallus_gallus,Mycoplasma gallisepticum Rlow,https://www.ncbi.nlm.nih.gov/pubmed/28739847,PRJNA394119,SAMN07349316,SRX3001045,SRR5823207,SRS2351885,Infected,5,NA,trachea,White Leghorn,,
Gallus gallus,Gallus_gallus,Mycoplasma gallisepticum Rlow,https://www.ncbi.nlm.nih.gov/pubmed/28739848,PRJNA394119,SAMN07349314,SRX3001047,SRR5823209,SRS2351886,Infected,5,NA,trachea,White Leghorn,,
Gallus gallus,Gallus_gallus,Mycoplasma gallisepticum Rlow,https://www.ncbi.nlm.nih.gov/pubmed/28739849,PRJNA394119,SAMN07349313,SRX3001048,SRR5823210,SRS2351887,Infected,5,NA,trachea,White Leghorn,,
Gallus gallus,Gallus_gallus,Mycoplasma gallisepticum Rlow,https://www.ncbi.nlm.nih.gov/pubmed/28739850,PRJNA394119,SAMN07349312,SRX3001049,SRR5823211,SRS2351888,Infected,5,NA,trachea,White Leghorn,,
Gallus gallus,Gallus_gallus,Mycoplasma gallisepticum Rlow,https://www.ncbi.nlm.nih.gov/pubmed/28739851,PRJNA394119,SAMN07349311,SRX3001050,SRR5823212,SRS2351889,Control,5,NA,trachea,White Leghorn,,
Gallus gallus,Gallus_gallus,Mycoplasma gallisepticum Rlow,https://www.ncbi.nlm.nih.gov/pubmed/28739852,PRJNA394119,SAMN07349309,SRX3001052,SRR5823214,SRS2351890,Control,5,NA,trachea,White Leghorn,,
Gallus gallus,Gallus_gallus,Mycoplasma gallisepticum Rlow,https://www.ncbi.nlm.nih.gov/pubmed/28739853,PRJNA394119,SAMN07349310,SRX3001051,SRR5823213,SRS2351891,Control,5,NA,trachea,White Leghorn,,
Gallus gallus,Gallus_gallus,Mycoplasma gallisepticum Rlow,https://www.ncbi.nlm.nih.gov/pubmed/28739854,PRJNA394119,SAMN07349308,SRX3001053,SRR5823215,SRS2351892,Control,5,NA,trachea,White Leghorn,,
Gallus gallus,Gallus_gallus,Mycoplasma gallisepticum Rlow,https://www.ncbi.nlm.nih.gov/pubmed/28739855,PRJNA394119,SAMN07349307,SRX3001054,SRR5823216,SRS2351893,Control,5,NA,trachea,White Leghorn,,
Gallus gallus,Gallus_gallus,Mycoplasma gallisepticum Rlow,https://www.ncbi.nlm.nih.gov/pubmed/28739856,PRJNA394119,SAMN07349304,SRX3001058,SRR5823220,SRS2351894,Infected,7,NA,trachea,White Leghorn,,
Gallus gallus,Gallus_gallus,Mycoplasma gallisepticum Rlow,https://www.ncbi.nlm.nih.gov/pubmed/28739857,PRJNA394119,SAMN07349297,SRX3001056,SRR5823218,SRS2351895,Infected,7,NA,trachea,White Leghorn,,
Gallus gallus,Gallus_gallus,Mycoplasma gallisepticum Rlow,https://www.ncbi.nlm.nih.gov/pubmed/28739858,PRJNA394119,SAMN07349306,SRX3001055,SRR5823217,SRS2351896,Infected,7,NA,trachea,White Leghorn,,
Gallus gallus,Gallus_gallus,Mycoplasma gallisepticum Rlow,https://www.ncbi.nlm.nih.gov/pubmed/28739859,PRJNA394119,SAMN07349305,SRX3001057,SRR5823219,SRS2351897,Infected,7,NA,trachea,White Leghorn,,
Gallus gallus,Gallus_gallus,Mycoplasma gallisepticum Rlow,https://www.ncbi.nlm.nih.gov/pubmed/28739860,PRJNA394119,SAMN07349303,SRX3001059,SRR5823221,SRS2351898,Infected,7,NA,trachea,White Leghorn,,
Gallus gallus,Gallus_gallus,Mycoplasma gallisepticum Rlow,https://www.ncbi.nlm.nih.gov/pubmed/28739861,PRJNA394119,SAMN07349301,SRX3001061,SRR5823223,SRS2351899,Control,7,NA,trachea,White Leghorn,,
Gallus gallus,Gallus_gallus,Mycoplasma gallisepticum Rlow,https://www.ncbi.nlm.nih.gov/pubmed/28739862,PRJNA394119,SAMN07349300,SRX3001062,SRR5823224,SRS2351900,Control,7,NA,trachea,White Leghorn,,
Gallus gallus,Gallus_gallus,Mycoplasma gallisepticum Rlow,https://www.ncbi.nlm.nih.gov/pubmed/28739863,PRJNA394119,SAMN07349302,SRX3001060,SRR5823222,SRS2351901,Control,7,NA,trachea,White Leghorn,,
Gallus gallus,Gallus_gallus,Mycoplasma gallisepticum Rlow,https://www.ncbi.nlm.nih.gov/pubmed/28739864,PRJNA394119,SAMN07349299,SRX3001063,SRR5823225,SRS2351902,Control,7,NA,trachea,White Leghorn,,
Gallus gallus,Gallus_gallus,Mycoplasma gallisepticum Rlow,https://www.ncbi.nlm.nih.gov/pubmed/28739865,PRJNA394119,SAMN07349298,SRX3001064,SRR5823226,SRS2351903,Control,7,NA,trachea,White Leghorn,,